Name,BSE Code,NSE Code,Industry,Current Price,Market Capitalization,Price to Earning,Dividend yield,OPM,Industry PE,EPS,Price to book value,Return on equity,Return on assets,Return on capital employed,Net Profit latest quarter,YOY Quarterly profit growth,Sales latest quarter,YOY Quarterly sales growth,Promoter holding,Piotroski score,Pledged percentage,PEG Ratio,Debt to equity,Number of equity shares,FII holding,Public holding,High price all time,Low price all time,DMA 50,DMA 200,DMA_CHANGE,Risk Profile,PE_DIFF,PRICE_VAR_HIGH,PRICE_VAR_LOW,PE_DIFF_BUCKET,Return on equity_BUCKET,Return on assets_BUCKET,Return on capital employed_BUCKET,Piotroski score_BUCKET,Dividend yield_BUCKET,Market Capitalization_BUCKET,Promoter holding_BUCKET,FII holding_BUCKET,YOY Quarterly profit growth_BUCKET,PRICE_VAR_HIGH_BUCKET,OPM_BUCKET,Industry PE_BUCKET,Price to book value_BUCKET,Debt to equity_BUCKET,PRICE_VAR_LOW_BUCKET,Pledged percentage_BUCKET,Company_score,Company_Rank
3M India,523395,3MINDIA,Diversified - Large,24316.05,27404.19,77.54,0.0,13.83,13.42,313.75,10.26,11.25,8.58,15.21,99.86,53.91,924.98,19.06,75.0,9,0.0,40.18,0.01,1.13,4.26,13.83,31000.0,464.1,23420.29,22759.79,2.9020478659952484,Moderatively Conservative,-64.12,78.43887096774193,1.9086159141801406,0,0,0,0,2,0,0,2,0,1,0,0,1,0,1,1,0,0.23529411764705882,13.0
A B B,500002,ABB,Electric Equipment,3092.65,65535.84,105.38,0.17,9.43,34.7,42.43,14.69,11.3,5.52,15.76,197.56,40.64,2119.74,19.19,75.0,9,0.0,27.37,0.01,21.19,5.39,7.69,3446.3,203.47,3089.73,2671.74,15.644860652608422,Very Aggresive,-70.67999999999999,89.73827002872646,6.579147333193217,0,0,0,0,2,0,0,2,0,0,1,0,0,0,1,0,0,0.17647058823529413,14.0
Aarti Industries,524208,AARTIIND,Chemicals,653.4,23686.01,19.32,0.54,24.96,26.57,33.83,5.05,27.75,15.1,22.07,124.48,-16.99,1685.01,34.17,44.16,7,0.0,0.59,0.59,36.25,12.11,28.69,1060.84,4.43,711.16,739.91,-3.885607709045695,Moderatively Conservative,7.25,61.5927001244297,0.6779920416284052,1,1,1,0,0,0,0,0,0,0,0,0,0,0,0,2,0,0.14705882352941177,27.0
Abbott India,500488,ABBOTINDIA,Pharmaceuticals - Multinational,19741.25,41950.16,47.57,0.73,22.79,43.77,414.96,15.45,29.46,19.81,38.38,265.52,38.05,1379.48,12.88,74.99,8,0.0,2.01,0.05,2.12,0.2,16.95,23934.45,362.0,18957.98,18473.02,2.6252339898944466,Moderatively Conservative,-3.799999999999997,82.48048315294481,1.8337238016842905,0,1,2,2,1,0,0,1,0,0,0,0,0,0,1,1,0,0.2647058823529412,8.0
ACC,500410,ACC,Cement - North India,2460.7,46208.81,52.91,2.36,9.55,28.36,43.51,3.33,14.09,9.7,19.2,-87.32,-115.79,3987.34,6.36,56.68,8,100.0,2.29,0.01,18.78,11.42,12.78,2785.0,318.0,2379.35,2276.27,4.528461034938734,Moderatively Conservative,-24.549999999999997,88.35547576301616,12.923151948632505,0,0,0,0,1,1,0,0,0,0,1,0,0,0,1,0,0,0.11764705882352941,35.0
Adani Enterp.,512599,ADANIENT,Trading,4019.8,458257.65,379.62,0.02,4.6,31.83,10.82,14.52,4.12,1.03,7.28,432.3,122.22,38175.23,188.81,72.63,4,2.66,-118.63,1.31,114.0,15.59,6.46,4098.1,8.55,3514.44,2724.7,28.984475355084978,Very Aggresive,-347.79,98.08935848319953,0.2126971491118961,0,0,0,0,0,0,2,1,0,2,2,0,0,0,0,2,0,0.2647058823529412,2.0
Adani Green,541450,ADANIGREEN,Power Generation And Supply,2085.4,330334.13,605.95,0.0,62.96,20.71,3.38,61.92,42.38,0.99,7.86,149.0,47.63,1586.0,22.47,60.75,4,4.27,14.61,7.7,158.4,15.25,22.74,3050.0,22.75,2165.22,2042.15,6.0264916876820855,Moderatively Aggresive,-585.24,68.37377049180327,1.0909178095329433,0,2,0,0,0,0,2,0,0,1,0,2,0,0,0,1,0,0.23529411764705882,11.0
Adani Ports,532921,ADANIPORTS,Miscellaneous,888.9,192014.75,36.01,0.56,51.68,32.32,25.48,4.33,14.66,6.1,11.15,1737.81,27.65,5210.8,32.83,64.56,4,17.8,6.54,1.04,216.01,14.03,6.39,987.9,50.0,846.81,793.21,6.7573530338750025,Moderatively Aggresive,-3.6899999999999977,89.97874278773155,5.624929688378896,0,0,0,0,0,0,1,0,0,0,1,1,0,0,0,0,0,0.08823529411764706,47.0
Adani Power,533096,ADANIPOWER,Power Generation And Supply,336.5,129786.0,12.55,0.0,37.22,20.71,26.81,5.36,369.83,6.17,20.68,695.53,401.62,7043.77,35.88,74.97,8,10.94,0.37,1.87,385.69,13.23,11.8,432.8,15.15,352.14,287.27,22.5815434956661,Very Aggresive,8.16,77.74953789279112,4.50222882615156,1,2,0,0,1,0,1,1,0,2,0,1,0,0,0,0,0,0.2647058823529412,3.0
Adani Total Gas,542066,ATGL,Miscellaneous,3644.65,400842.28,827.25,0.01,19.23,11.71,4.41,149.62,23.02,13.19,24.6,139.34,-12.3,1115.5,72.09,74.8,5,0.0,28.61,0.45,109.98,17.44,1.94,3912.4,70.2,3486.47,2812.26,23.973956888765603,Very Aggresive,-815.54,93.15637460382375,1.9261108748439493,0,0,0,0,0,0,2,1,0,0,2,0,1,0,0,1,0,0.20588235294117646,10.0
Adani Transmissi,539254,ADANITRANS,Power Generation And Supply,3116.25,347615.41,404.42,0.0,30.02,20.71,8.03,32.68,18.61,2.73,11.63,194.47,-28.65,3251.48,27.94,73.86,6,4.96,17.09,3.16,111.55,19.93,2.61,4238.55,25.0,3329.9,2848.55,16.89807094837724,Very Aggresive,-383.71000000000004,73.52160526595179,0.8022462896109106,0,0,0,0,0,0,2,1,0,0,0,0,0,0,0,1,0,0.11764705882352941,21.0
Adani Wilmar,543458,AWL,Solvent Extraction,636.6,82737.54,118.84,0.0,2.84,49.68,5.61,10.87,15.48,4.85,19.97,62.15,-64.78,13409.92,3.09,87.94,6,0.0,4.08,0.4,129.97,1.63,10.34,878.35,221.0,687.99,599.36,14.78743993593166,Aggresive,-69.16,72.47680309671544,34.71567703424442,0,0,0,0,0,0,0,2,0,0,0,0,0,0,0,0,0,0.058823529411764705,24.0
Aditya Bir. Fas.,535755,ABFRL,Textiles - Products,305.5,28981.11,83.98,0.0,16.22,87.1,3.92,8.06,-4.53,-1.25,3.36,29.42,478.0,3074.61,49.66,56.08,6,0.0,,1.28,94.86,14.14,9.87,359.5,72.45,322.59,292.05,10.457113507960953,Aggresive,3.1199999999999903,84.97913769123782,23.715220949263504,1,0,0,0,0,0,0,0,0,2,0,0,0,0,0,0,0,0.08823529411764706,23.0
Aditya Birla Cap,540691,ABCAPITAL,Finance & Investments,125.0,30210.27,15.7,0.0,24.97,25.83,8.05,1.85,11.36,1.25,8.2,479.37,34.26,6825.01,21.95,71.06,4,0.0,0.61,4.17,241.68,6.8,14.33,264.0,37.35,117.6,110.84,6.098881270299523,Moderatively Aggresive,10.129999999999999,47.34848484848485,29.880000000000003,1,0,0,0,0,0,0,1,0,0,0,0,0,1,0,0,0,0.08823529411764706,48.0
AIA Engineering,532683,AIAENG,Castings & Forgings,2659.05,25080.26,32.68,0.34,21.75,17.09,81.43,4.92,13.75,12.52,17.14,244.92,77.93,1328.66,50.1,58.47,6,0.0,5.05,0.09,9.43,18.02,2.77,2825.0,75.3,2595.01,2302.64,12.697164993225183,Aggresive,-15.59,94.12566371681417,2.8318384385400797,0,0,0,0,0,0,0,0,0,1,2,0,1,0,0,0,0,0.11764705882352941,17.0
Alkem Lab,539523,ALKEM,Pharmaceuticals - Indian - Bulk Drugs & Formln,3118.95,37291.73,33.95,1.09,13.88,27.4,91.31,4.08,20.68,13.22,18.65,347.72,-39.21,3079.37,9.98,57.16,4,0.0,2.59,0.2,11.96,4.46,22.65,4070.0,1152.5,3160.31,3200.05,-1.2418555960063198,Conservative,-6.550000000000004,76.63267813267814,36.95153817791244,0,0,0,0,0,0,0,0,0,0,0,0,0,0,0,0,0,0.0,47.0
Ambuja Cements,500425,AMBUJACEM,Cement - North India,574.1,113995.89,62.21,1.1,13.03,28.36,9.04,4.47,11.83,8.94,22.14,51.3,-87.57,7143.17,7.46,63.15,9,100.0,2.56,0.02,198.56,11.05,9.23,593.75,43.0,517.56,430.7,20.167169723705587,Very Aggresive,-33.85,96.69052631578948,7.489984323288626,0,0,0,0,2,0,1,0,0,0,2,0,0,0,1,0,0,0.17647058823529413,15.0
APL Apollo Tubes,533758,APLAPOLLO,Steel - Large,1081.7,29978.29,54.56,0.32,6.02,9.84,21.96,10.28,28.17,15.77,34.67,150.19,2.82,3969.21,28.71,34.52,7,0.0,1.84,0.36,27.71,22.91,35.34,1177.0,2.25,1067.89,979.43,9.031783792614087,Moderatively Aggresive,-44.72,91.90314358538659,0.20800591661273918,0,1,1,1,0,0,0,0,1,0,1,0,2,0,0,2,0,0.2647058823529412,7.0
Apollo Hospitals,508869,APOLLOHOSP,Healthcare,4399.15,63253.03,75.34,0.27,13.66,33.55,58.39,10.55,16.55,7.23,17.79,212.84,-17.69,4251.07,14.37,29.33,9,16.37,1.68,0.67,14.38,49.09,6.07,5935.4,158.93,4374.94,4271.86,2.413000426043923,Moderatively Conservative,-41.790000000000006,74.11716143815076,3.6127433708784658,0,0,0,0,2,0,0,0,2,0,0,0,0,0,0,0,0,0.11764705882352941,36.0
Ashok Leyland,500477,ASHOKLEY,Automobiles - LCVs / HCVs,144.8,42515.12,133.16,0.69,10.51,107.78,0.64,5.94,1.68,0.3,6.25,185.8,290.41,9600.08,72.59,51.46,7,19.04,-3.39,3.76,293.61,17.59,11.29,169.45,6.15,149.87,141.81,5.683661236866231,Moderatively Aggresive,-25.379999999999995,85.45293596931249,4.247237569060774,0,0,0,0,0,0,0,0,0,2,0,0,0,0,0,0,0,0.058823529411764705,58.0
Asian Paints,500820,ASIANPAINT,Paints / Varnishes,3095.5,296919.68,78.9,0.62,17.23,57.74,38.22,21.05,23.15,14.48,29.73,803.83,31.34,8457.57,19.19,52.63,5,10.63,8.13,0.13,95.92,18.56,19.99,3590.0,36.2,3186.87,3143.77,1.370965433221893,Conservative,-21.160000000000004,86.22562674094706,1.1694395089646263,0,1,1,1,0,0,2,0,0,0,0,0,0,0,0,1,0,0.17647058823529413,20.0
Astral,532830,ASTRAL,Plastics Products,1882.0,37914.52,89.11,0.16,14.91,29.51,21.29,15.63,22.57,15.98,29.62,75.0,-50.41,1171.6,-2.36,55.85,6,0.0,3.3,0.04,20.15,16.26,13.53,2654.8,1.8,2075.74,2017.31,2.896431386351123,Moderatively Conservative,-59.599999999999994,70.8904625583848,0.09564293304994687,0,0,1,1,0,0,0,0,0,0,0,0,0,0,1,2,0,0.14705882352941177,28.0
Atul,500027,ATUL,Dyes And Pigments,8079.6,23845.93,39.53,0.31,15.92,25.64,205.46,5.22,14.25,11.08,18.68,148.07,1.33,1487.27,18.99,45.06,5,1.5,3.06,0.02,2.95,9.2,22.32,10975.4,30.75,8601.22,8780.66,-2.043582145305712,Moderatively Conservative,-13.89,73.61554020810176,0.38058814792811524,0,0,0,0,0,0,0,0,0,0,0,0,0,0,1,2,0,0.08823529411764706,42.0
AU Small Finance,540611,AUBANK,Banks - Private Sector,612.2,40791.88,32.41,0.08,54.03,16.04,19.71,5.16,16.57,1.87,7.19,342.6,23.01,1992.29,41.83,25.58,4,0.0,4.93,7.84,66.63,38.55,14.58,732.98,183.0,615.79,614.36,0.23276254964515103,Conservative,-16.369999999999997,83.52206062921226,29.8921920940869,0,0,0,0,0,0,0,0,2,0,0,1,1,0,0,0,0,0.11764705882352941,27.0
Aurobindo Pharma,524804,AUROPHARMA,Pharmaceuticals - Indian - Bulk Drugs & Formln,469.0,27480.52,12.25,1.92,15.56,27.4,36.03,1.08,11.72,8.13,12.87,410.37,-41.23,5739.37,-3.41,51.84,6,14.92,3.6,0.18,58.59,21.41,10.2,1063.9,10.13,522.93,580.93,-9.983991186545712,Moderatively Aggresive,15.149999999999999,44.08309051602594,2.1599147121535185,2,0,0,0,0,1,0,0,0,0,0,0,0,2,0,1,0,0.17647058823529413,21.0
Avenue Super.,540376,DMART,Trading,3910.6,253318.77,109.76,0.0,9.06,82.47,35.63,16.88,11.54,10.25,15.75,685.71,64.14,10638.33,36.58,74.99,6,0.0,4.26,0.05,64.78,8.72,9.23,5900.0,558.3,4209.9,4107.46,2.4939987242724113,Moderatively Conservative,-27.290000000000006,66.28135593220338,14.276581598731653,0,0,0,0,0,0,1,1,0,1,0,0,0,0,1,0,0,0.11764705882352941,37.0
Axis Bank,532215,AXISBANK,Banks - Private Sector,859.2,264091.42,14.38,0.12,59.51,16.04,59.82,2.23,12.74,1.29,5.15,5635.61,65.67,20782.8,24.58,9.69,7,0.0,0.5,8.64,307.37,46.12,11.95,919.95,43.2,821.67,756.93,8.55297055209861,Moderatively Aggresive,1.6599999999999984,93.39638023805642,5.027932960893855,0,0,0,0,0,0,2,0,2,1,2,2,1,1,0,0,0,0.3235294117647059,2.0
B H E L,500103,BHEL,Electric Equipment,70.75,24635.6,32.26,0.57,3.59,34.7,2.19,0.94,1.67,0.78,2.93,12.1,126.32,5202.57,1.77,63.17,8,0.0,-45.44,0.22,348.21,4.81,17.57,390.66,18.4,66.51,58.55,13.595217762596084,Aggresive,2.440000000000005,18.110377310193005,26.007067137809187,0,0,0,0,1,0,0,0,0,2,0,0,0,2,0,0,0,0.14705882352941177,12.0
B P C L,500547,BPCL,Refineries,304.1,65966.98,,5.26,1.53,3.52,-4.05,1.41,20.4,6.19,15.57,-338.49,-105.26,114820.44,50.21,52.98,5,0.0,,1.73,216.93,12.96,12.23,551.55,34.33,309.74,336.93,-8.069925503813847,Moderatively Aggresive,,55.13552715075697,11.289049654718841,0,0,0,0,0,2,0,0,0,0,0,0,2,1,0,0,0,0.14705882352941177,30.0
Bajaj Auto,532977,BAJAJ-AUTO,Automobiles - Scooters And 3 - Wheelers,3632.95,105125.59,18.79,3.85,16.38,20.06,201.77,4.04,19.01,15.81,23.43,1719.44,5.68,10202.71,16.44,54.84,6,0.01,3.2,0.0,28.94,11.56,21.99,4361.4,131.0,3723.3,3733.14,-0.2635850785129862,Conservative,1.2699999999999996,83.29779428623837,3.605885024566812,0,0,1,0,0,2,1,0,0,0,0,0,1,0,2,0,0,0.20588235294117646,15.0
Bajaj Finance,500034,BAJFINANCE,Finance & Investments,6791.5,411177.26,41.44,0.29,67.36,25.83,163.99,8.56,17.48,3.67,10.27,2780.65,87.76,9968.4,28.93,55.86,4,0.0,1.34,3.81,60.54,20.49,11.26,8050.0,4.22,7110.87,6826.58,4.164457165960115,Moderatively Conservative,-15.61,84.36645962732919,0.062136494147095635,0,0,0,0,0,0,2,0,0,1,0,2,0,0,0,2,0,0.20588235294117646,20.0
Bajaj Finserv,532978,BAJAJFINSV,Finance & Investments,1654.4,263515.39,48.19,0.02,35.0,25.83,34.35,6.21,11.97,2.71,11.43,2996.6,38.75,20803.22,15.52,60.75,4,0.01,3.21,4.22,159.28,7.48,24.6,1932.51,8.67,1676.93,1552.16,8.038475414905678,Moderatively Aggresive,-22.36,85.60887136418441,0.5240570599613152,0,0,0,0,0,0,2,0,0,0,0,1,0,0,0,2,0,0.14705882352941177,31.0
Bajaj Holdings,500490,BAJAJHLDNG,Finance & Investments,6578.65,73213.8,16.8,1.75,70.46,25.83,391.55,1.7,10.14,8.33,10.54,1335.91,9.83,187.6,27.61,51.2,6,0.0,1.62,0.0,11.13,12.04,31.43,7378.45,209.0,6470.72,5642.02,14.688001814952797,Aggresive,9.029999999999998,89.16032500050824,3.1769435978506233,1,0,0,0,0,1,0,0,0,0,1,2,0,1,2,0,0,0.23529411764705882,4.0
Balkrishna Inds,502355,BALKRISIND,Tyres,1972.75,38136.65,27.18,0.81,18.87,27.77,72.58,5.02,21.86,14.77,23.84,382.26,-2.24,2657.52,28.24,58.29,4,0.0,1.6,0.42,19.33,12.96,9.84,2724.4,11.68,1960.95,2071.21,-5.323458268355212,Moderatively Aggresive,0.5899999999999999,72.41043899574218,0.5920669116715245,0,0,1,0,0,0,0,0,0,0,0,0,0,0,0,2,0,0.08823529411764706,49.0
Bandhan Bank,541153,BANDHANBNK,Banks - Private Sector,216.2,34826.05,9.03,0.0,55.38,16.04,23.95,2.0,0.74,0.1,4.3,209.27,106.96,3773.45,18.63,39.99,4,0.0,-0.26,6.69,161.08,34.2,13.25,741.8,152.2,254.53,281.96,-9.728330259611285,Moderatively Aggresive,7.01,29.145322189269347,70.3977798334875,1,0,0,0,0,0,0,0,2,2,0,2,1,1,0,0,0,0.2647058823529412,8.0
Bank of Baroda,532134,BANKBARODA,Banks - Public Sector,163.1,84344.92,8.58,1.75,52.46,10.04,19.03,0.92,9.0,0.62,4.02,3392.47,56.49,22343.71,27.38,63.97,6,0.0,0.24,12.9,517.14,8.93,8.21,228.9,34.07,143.88,120.22,19.680585593079353,Very Aggresive,1.459999999999999,71.2538226299694,20.889025137952178,0,0,0,0,0,1,0,0,0,1,0,1,1,2,0,0,0,0.17647058823529413,16.0
Bank of India,532149,BANKINDIA,Banks - Public Sector,75.1,30817.78,9.66,2.66,56.05,10.04,7.79,0.55,6.2,0.43,4.14,853.15,-20.46,11545.36,20.51,81.41,4,0.0,0.29,11.62,410.36,1.12,6.64,589.0,30.4,58.97,53.12,11.012801204819281,Aggresive,0.379999999999999,12.750424448217318,40.47936085219707,0,0,0,0,0,1,0,2,0,0,0,2,1,2,0,0,0,0.23529411764705882,5.0
Bata India,500043,BATAINDIA,Leather / Leather Products,1677.6,21561.78,69.67,0.24,22.46,51.26,24.08,16.75,5.74,2.99,8.37,54.82,47.41,829.76,35.11,50.16,7,0.0,-6.81,0.95,12.85,7.87,13.0,2262.0,38.0,1804.87,1826.9,-1.2058678635940774,Conservative,-18.410000000000004,74.16445623342175,2.2651406771578446,0,0,0,0,0,0,0,0,0,1,0,0,0,0,0,0,0,0.029411764705882353,39.0
Bayer Crop Sci.,506285,BAYERCROP,Pesticides / Agrochemicals - Multinational,4538.75,20398.09,30.88,2.2,17.74,34.38,156.36,7.09,23.69,13.99,30.91,162.6,5.52,1451.9,6.36,71.43,6,0.0,1.97,0.03,4.49,3.1,12.71,6601.25,101.0,4791.54,4950.28,-3.206687298496243,Moderatively Conservative,3.5000000000000036,68.75591743987881,2.225282291379785,1,1,1,1,0,1,0,1,0,0,0,0,0,0,1,1,0,0.23529411764705882,14.0
Berger Paints,509480,BERGEPAINT,Paints / Varnishes,603.55,58625.78,61.99,0.51,14.82,57.74,9.74,14.3,22.53,12.53,25.9,219.51,0.23,2670.92,20.04,74.99,3,0.0,4.41,0.4,97.13,11.13,10.71,872.95,8.59,613.27,649.61,-5.594125706192951,Moderatively Aggresive,-4.25,69.13912595223093,1.4232457957087234,0,0,0,1,0,0,0,1,0,0,0,0,0,0,0,1,0,0.08823529411764706,50.0
Bharat Electron,500049,BEL,Electronics - Components,107.35,78470.48,28.64,1.4,22.15,39.51,3.75,6.07,20.51,7.56,27.08,624.4,-0.12,3961.59,7.71,51.14,6,0.0,3.02,0.0,730.98,17.36,5.88,115.0,5.5,104.7,89.61,16.83963843321058,Very Aggresive,10.869999999999997,93.34782608695652,5.12342803912436,2,0,0,1,0,1,0,0,0,0,2,0,0,0,2,0,0,0.23529411764705882,6.0
Bharat Forge,500493,BHARATFORG,Castings & Forgings,836.7,38955.8,46.78,0.84,15.97,17.09,20.78,5.94,15.43,6.47,11.5,141.56,-47.19,3076.39,28.96,45.25,8,7.12,5.45,0.99,46.56,19.3,10.72,896.7,34.58,798.29,736.51,8.388209257172337,Moderatively Aggresive,-29.69,93.30879892940783,4.132903071590773,0,0,0,0,1,0,0,0,0,0,2,0,1,0,0,0,0,0.11764705882352941,41.0
Bharti Airtel,532454,BHARTIARTL,Telecommunications - Service Provider,837.3,483933.08,77.86,0.36,50.4,41.19,11.41,6.39,5.86,2.04,11.97,2978.9,148.39,34526.8,21.89,55.13,8,0.0,-23.17,2.99,556.32,21.87,4.06,851.85,86.72,793.93,731.89,8.476683654647552,Moderatively Aggresive,-36.67,98.29195280859305,10.35710020303356,0,0,0,0,1,0,2,0,1,2,2,1,0,0,0,0,0,0.2647058823529412,9.0
Biocon,532523,BIOCON,Pharmaceuticals - Indian - Bulk Drugs & Formln,287.35,34499.24,53.15,0.17,19.67,27.4,5.14,3.58,8.89,4.37,8.96,81.8,-72.82,2319.7,26.04,60.64,5,0.0,16.56,0.61,120.06,15.79,15.17,487.75,14.17,284.13,316.2,-10.142314990512332,Aggresive,-25.75,58.91337775499744,4.931268487906734,0,0,0,0,0,0,0,0,0,0,0,0,0,0,0,0,0,0.0,28.0
Bosch,500530,BOSCHLTD,Auto Ancillaries,16535.6,48769.5,37.74,0.67,12.28,23.21,438.1,4.53,11.85,8.05,14.79,372.4,0.11,3661.6,25.48,70.54,8,0.0,-5.42,0.01,2.95,3.62,9.51,27990.0,2001.0,16379.72,15939.84,2.759626194491282,Moderatively Conservative,-14.530000000000001,59.076813147552684,12.101163550158448,0,0,0,0,1,0,0,1,0,0,0,0,0,0,1,0,0,0.08823529411764706,43.0
Britannia Inds.,500825,BRITANNIA,Food - Processing - MNC,4106.05,98901.73,62.83,1.38,15.13,61.27,65.67,48.46,49.66,19.54,41.51,490.58,28.48,4379.61,21.41,50.55,4,0.0,5.52,1.49,24.09,17.18,16.14,4237.0,40.0,3862.57,3674.29,5.1242552983025345,Moderatively Aggresive,-1.5599999999999952,96.90936983714893,0.9741722580095225,0,2,2,2,0,1,1,0,0,0,2,0,0,0,0,1,0,0.3235294117647059,3.0
Canara Bank,532483,CANBK,Banks - Public Sector,309.45,56138.26,5.99,2.1,46.94,10.04,46.64,0.8,9.23,0.5,4.49,2729.58,126.51,20482.35,18.15,62.93,4,0.0,0.17,16.19,181.41,8.44,13.28,821.11,73.65,267.76,231.38,15.723052986429249,Very Aggresive,4.049999999999999,37.68678983327447,23.80029083858459,1,0,0,0,0,1,0,0,0,2,0,1,1,2,0,0,0,0.23529411764705882,7.0
Central Bank,532885,CENTRALBK,Banks - Public Sector,23.55,20443.61,12.4,0.0,54.66,10.04,1.43,0.74,4.33,0.28,4.1,344.3,58.94,6184.35,12.07,93.08,8,0.0,0.64,12.73,868.09,0.1,3.98,212.13,10.04,20.87,19.72,5.831643002028409,Moderatively Aggresive,-2.360000000000001,11.101682930278603,42.63269639065817,0,0,0,0,1,0,0,2,0,1,0,1,1,2,0,0,0,0.23529411764705882,12.0
CG Power & Indu.,500093,CGPOWER,Electric Equipment,262.25,40047.59,69.01,0.0,12.94,34.7,6.83,29.65,107.62,10.79,44.86,178.97,45.36,1696.27,16.68,58.12,8,87.74,2.74,0.18,152.71,12.97,21.34,275.5,4.69,249.46,208.89,19.421705203695737,Very Aggresive,-34.31,95.19056261343013,1.78836987607245,0,2,0,2,1,0,0,0,0,1,2,0,0,0,0,1,0,0.2647058823529412,4.0
Cholaman.Inv.&Fn,511243,CHOLAFIN,Finance & Investments,713.8,58640.9,25.07,0.28,70.36,25.83,28.49,4.55,20.16,2.74,9.34,562.82,-7.81,3016.84,20.85,51.51,4,0.03,1.02,6.15,82.15,18.69,7.9,817.95,4.05,732.66,693.42,5.658908021112747,Moderatively Aggresive,0.759999999999998,87.26694785744849,0.5673858223592043,0,0,0,0,0,0,0,0,0,0,0,2,0,0,0,2,0,0.11764705882352941,42.0
Cipla,500087,CIPLA,Pharmaceuticals - Indian - Bulk Drugs & Formln,1102.4,88969.14,34.31,0.45,20.17,27.4,31.8,4.07,13.18,10.1,17.5,797.41,11.25,5828.54,5.59,33.61,7,0.0,1.49,0.05,80.7,27.69,17.0,1185.25,84.66,1106.35,1022.63,8.18673420494215,Moderatively Aggresive,-6.910000000000004,93.00991352035436,7.679608127721334,0,0,0,0,0,0,1,0,1,0,2,0,0,0,1,0,0,0.14705882352941177,32.0
Coal India,533278,COALINDIA,Mining / Minerals / Metals,229.55,141465.43,5.41,7.41,27.97,9.85,42.4,2.51,43.61,10.21,54.29,6043.99,106.07,29838.07,28.11,66.13,8,0.0,0.41,0.07,616.27,6.73,4.53,447.25,109.5,234.19,205.81,13.789417423837518,Aggresive,4.4399999999999995,51.32476243711571,47.702025702461334,1,2,0,2,1,2,1,0,0,2,0,0,2,0,0,0,0,0.38235294117647056,2.0
Coforge,532541,COFORGE,Computers - Software - Medium / Small,3808.75,23229.81,31.3,1.37,17.27,32.98,121.84,8.21,25.43,17.08,32.08,220.6,37.08,1959.4,24.85,40.06,5,0.0,1.56,0.27,6.1,21.02,12.47,6135.0,41.5,3727.17,3895.73,-4.326788560808884,Moderatively Conservative,1.6799999999999962,62.08231458842705,1.089596324253364,0,1,1,1,0,1,0,0,0,0,0,0,0,0,0,1,0,0.14705882352941177,29.0
Colgate-Palmoliv,500830,COLPAL,Personal Care - Multinational,1582.85,43051.25,40.22,2.53,29.88,61.36,39.1,26.07,74.36,37.21,92.04,278.02,3.29,1387.48,2.59,51.0,7,0.0,3.02,0.05,27.2,19.46,20.25,1823.4,89.55,1589.65,1569.97,1.2535271374612296,Conservative,21.14,86.80761215312054,5.65751650503838,2,2,2,2,0,1,0,0,0,0,0,0,0,0,1,0,0,0.29411764705882354,3.0
Container Corpn.,531344,CONCOR,Miscellaneous,739.1,45032.95,39.47,1.22,23.34,24.66,18.75,4.08,10.04,8.28,13.01,303.8,19.85,1986.34,8.12,54.8,9,0.0,9.22,0.07,60.93,24.06,3.18,828.75,83.33,743.64,687.45,8.173685358935186,Moderatively Aggresive,-14.809999999999999,89.18250377073906,11.274523068596942,0,0,0,0,2,0,0,0,1,0,1,0,0,0,0,0,0,0.11764705882352941,43.0
Coromandel Inter,506395,COROMANDEL,Fertilizers,903.55,26549.48,13.89,1.33,10.6,12.67,65.07,3.58,26.65,15.2,34.69,740.56,42.6,10113.39,64.51,57.44,6,0.04,0.53,0.22,29.38,9.93,13.97,1094.4,18.11,971.36,937.25,3.6393704987996816,Moderatively Conservative,-1.2200000000000006,82.56122076023391,2.00431630789663,0,1,1,1,0,0,0,0,0,0,0,0,1,0,0,1,0,0.14705882352941177,30.0
CRISIL,500092,CRISIL,Miscellaneous,2985.9,21816.19,40.35,1.31,25.99,30.38,78.8,13.87,29.28,17.95,39.5,147.85,31.0,682.98,19.62,66.72,7,0.0,4.56,0.07,7.31,6.69,13.5,3863.55,62.18,3067.76,3104.89,-1.1958555697625248,Conservative,-9.970000000000002,77.28384516830376,2.0824542014133094,0,1,1,2,0,0,0,0,0,0,0,0,0,0,0,1,0,0.14705882352941177,23.0
Crompton Gr. Con,539876,CROMPTON,Electric Equipment,366.1,23279.78,40.04,0.68,13.07,34.7,9.32,8.92,26.31,12.97,23.76,131.95,-27.23,1331.61,-3.84,2.54,3,0.0,2.65,0.62,63.59,39.69,12.33,512.8,126.2,377.85,386.07,-2.129147563913272,Moderatively Conservative,-5.339999999999996,71.39235569422779,34.471455886369846,0,1,0,0,0,0,0,0,2,0,0,0,0,0,0,0,0,0.08823529411764706,44.0
Cummins India,500480,CUMMINSIND,Engines,1349.85,37417.84,41.94,1.37,14.29,56.5,31.79,7.46,16.87,12.5,21.28,252.38,14.77,1951.25,12.96,51.0,6,0.0,32.77,0.05,27.72,10.37,11.9,1392.9,75.0,1266.91,1129.9,12.125851845296042,Aggresive,14.560000000000002,96.9093258668964,5.5561729081009,2,0,0,0,0,1,0,0,0,0,2,0,0,0,1,0,0,0.17647058823529413,7.0
Dabur India,500096,DABUR,Personal Care - Indian,548.5,97181.23,54.25,0.95,19.73,38.05,9.76,11.03,22.48,15.63,27.19,490.86,-2.83,2986.49,5.99,67.24,3,0.0,7.63,0.12,177.18,20.24,5.89,658.95,18.17,551.87,551.97,-0.018116926644568133,Conservative,-16.200000000000003,83.23848546930722,3.3126709206927987,0,0,1,1,0,0,1,0,0,0,0,0,0,0,0,0,0,0.08823529411764706,30.0
Dalmia BharatLtd,542216,DALBHARAT,Cement - South India,1678.9,31474.12,33.95,0.54,16.62,24.18,49.21,2.09,7.47,4.71,7.05,47.0,-74.48,2971.0,15.11,55.87,6,0.0,0.29,0.22,18.75,12.37,23.49,2548.4,402.7,1608.32,1586.65,1.3657706488513437,Conservative,-9.770000000000003,65.88055250353163,23.98594317708023,0,0,0,0,0,0,0,0,0,0,0,0,0,1,0,0,0,0.029411764705882353,40.0
Deepak Nitrite,506401,DEEPAKNTR,Chemicals,2103.15,28685.5,31.22,0.33,18.24,26.57,67.36,7.86,37.38,26.57,44.47,174.47,-31.4,1961.65,16.67,45.72,7,0.0,0.36,0.07,13.64,8.45,33.82,3020.0,7.3,2166.71,2082.13,4.062186318817745,Moderatively Conservative,-4.649999999999999,69.6407284768212,0.34709840001901904,0,2,2,2,0,0,0,0,0,0,0,0,0,0,0,2,0,0.23529411764705882,15.0
Delhivery,543529,DELHIVERY,Couriers,350.7,25491.84,,0.0,-3.55,916.26,-12.34,2.62,-19.41,-13.81,-14.02,-220.98,62.72,1653.27,23.0,0.0,3,0.0,,0.11,72.69,8.02,84.87,708.45,341.3,466.33,525.87,-11.322189894840934,Aggresive,,49.50243489307643,97.31964642144284,0,0,0,0,0,0,0,0,0,1,0,0,0,0,0,0,0,0.029411764705882353,27.0
Devyani Intl.,543330,DEVYANI,Hotels,181.9,21914.15,77.93,0.0,23.19,71.22,2.26,26.59,42.84,8.8,15.98,56.83,43.49,747.43,44.83,62.8,8,0.0,2.77,1.71,120.47,8.3,21.43,215.0,107.55,186.81,173.75,7.516546762589929,Moderatively Aggresive,-6.710000000000008,84.6046511627907,59.1258933479934,0,2,0,0,1,0,0,0,0,1,0,0,0,0,0,0,0,0.11764705882352941,44.0
Divi's Lab.,532488,DIVISLAB,Pharmaceuticals - Indian - Bulk Drugs,3287.35,87268.81,29.16,0.91,40.23,26.89,112.72,7.19,28.18,24.55,35.07,493.6,-18.61,1854.54,-6.69,51.94,8,0.0,1.28,0.0,26.55,15.4,11.88,5425.1,45.0,3554.44,3847.07,-7.606568115474896,Moderatively Aggresive,-2.2699999999999996,60.59519640190963,1.3688837513498715,0,1,2,1,1,0,0,0,0,0,0,1,0,0,2,1,0,0.2647058823529412,10.0
Dixon Technolog.,540699,DIXON,Electronics - Consumer,4345.9,25875.29,111.58,0.05,3.65,24.96,39.15,23.2,21.89,5.33,22.52,77.12,23.12,3866.77,37.91,34.27,3,0.0,3.52,0.37,5.95,16.27,30.87,6243.6,312.0,4351.81,4193.07,3.7857703305692656,Moderatively Conservative,-86.62,69.60567621244152,7.17918037690697,0,0,0,0,0,0,0,0,0,0,0,0,0,0,0,0,0,0.0,56.0
DLF,532868,DLF,Construction,400.4,99111.48,52.11,0.75,29.78,32.63,6.99,2.71,4.61,3.16,4.84,477.2,26.16,1302.34,-12.06,74.95,9,0.0,1.9,0.11,247.53,14.9,5.36,1225.0,72.35,381.43,365.19,4.447000191681045,Moderatively Conservative,-19.479999999999997,32.68571428571428,18.06943056943057,0,0,0,0,2,0,1,1,0,0,0,0,0,0,0,0,0,0.11764705882352941,38.0
Dr Reddy's Labs,500124,DRREDDY,Pharmaceuticals - Indian - Bulk Drugs & Formln,4409.05,73410.82,23.61,0.68,20.14,27.4,186.82,3.53,11.35,7.49,13.96,1114.2,11.89,6331.8,9.42,26.71,5,0.0,2.14,0.08,16.65,26.26,22.06,5614.6,302.5,4380.25,4358.23,0.5052509849181993,Conservative,3.789999999999999,78.52830121469026,6.860888399995464,1,0,0,0,0,0,0,0,1,0,0,0,0,0,0,0,0,0.058823529411764705,34.0
Eicher Motors,505200,EICHERMOT,Automobiles - Motorcycles / Mopeds,3390.25,92715.89,39.73,0.62,23.03,34.74,85.35,6.98,13.97,10.92,18.26,656.86,76.01,3519.4,56.45,49.21,6,0.0,264.87,0.01,27.35,30.25,10.48,3889.65,13.53,3537.31,3120.74,13.348436588757801,Aggresive,-4.989999999999995,87.16079852943068,0.39908561315537205,0,0,0,0,0,0,1,0,1,1,0,0,0,0,1,2,0,0.17647058823529413,8.0
Embassy Off.REIT,542602,EMBASSY,Construction,326.15,30915.55,38.9,0.0,77.07,46.82,8.38,1.23,3.32,1.95,4.52,128.47,-34.48,888.91,17.46,,7,,,0.54,94.79,,,512.0,285.0,346.16,359.38,-3.6785575157215122,Moderatively Conservative,7.920000000000002,63.70117187499999,87.38310593285298,1,0,0,0,0,0,0,0,0,0,0,2,0,1,0,0,0,0.11764705882352941,39.0
Endurance Tech.,540153,ENDURANCE,Auto Ancillaries,1506.95,21197.19,44.79,0.41,11.51,23.21,33.11,5.26,12.52,8.08,14.1,131.49,-1.38,2360.63,25.06,75.0,6,0.0,6.01,0.16,14.07,6.87,1.88,1989.0,518.25,1416.15,1411.33,0.34152182692922023,Conservative,-21.58,75.76420311714429,34.390656624307375,0,0,0,0,0,0,0,2,0,0,0,0,0,0,0,0,0,0.058823529411764705,35.0
Escorts Kubota,500495,ESCORTS,Automobiles - Tractors,2030.85,26795.16,40.69,0.34,10.76,33.6,48.46,3.45,11.01,9.07,14.96,98.8,-22.48,1890.8,11.86,72.9,5,0.0,1.02,0.01,13.19,4.73,13.01,2190.0,30.5,1981.47,1800.52,10.049874480705578,Aggresive,-7.089999999999996,92.73287671232876,1.5018342073516018,0,0,0,0,0,0,0,1,0,0,1,0,0,0,1,1,0,0.11764705882352941,18.0
Federal Bank,500469,FEDERALBNK,Banks - Private Sector,132.7,28037.82,11.24,1.36,63.06,16.04,11.85,1.45,11.0,0.92,5.03,744.98,50.98,4258.93,19.42,0.0,3,0.0,0.63,10.45,211.29,26.4,29.38,140.0,10.24,127.07,108.98,16.599376032299492,Very Aggresive,4.799999999999999,94.78571428571428,7.71665410700829,1,0,0,0,0,0,0,0,1,1,2,2,1,1,0,0,0,0.2647058823529412,5.0
Fortis Health.,532843,FORTIS,Healthcare,285.7,21569.15,46.21,0.0,17.88,33.55,6.77,3.1,6.12,4.78,10.82,218.24,54.67,1607.2,9.89,31.17,9,0.0,-19.83,0.18,75.5,30.59,18.22,325.0,46.08,280.02,268.14,4.430521369433876,Moderatively Conservative,-12.660000000000004,87.90769230769232,16.128806440322016,0,0,0,0,2,0,0,0,1,1,0,0,0,0,0,0,0,0.11764705882352941,40.0
FSN E-Commerce,543384,NYKAA,Miscellaneous,192.4,54800.82,1240.68,0.0,4.82,60.77,0.16,40.24,4.49,2.09,6.87,5.19,251.28,1230.83,39.04,52.38,3,0.0,,0.67,284.83,6.57,38.03,429.0,162.5,202.63,243.6,-16.818555008210183,Very Aggresive,-1179.91,44.84848484848485,84.45945945945945,0,0,0,0,0,0,0,0,0,2,0,0,0,0,0,0,0,0.058823529411764705,29.0
GAIL (India),532155,GAIL,Miscellaneous,90.3,59373.15,5.04,7.38,11.8,11.71,17.81,0.9,20.89,13.85,23.3,1304.61,-54.58,38680.36,77.77,51.9,8,0.0,0.17,0.22,657.51,19.79,6.47,133.14,22.49,89.1,92.68,-3.86275356063877,Moderatively Conservative,6.670000000000001,67.82334384858044,24.905869324473976,1,0,1,0,1,2,0,0,0,0,0,0,1,2,0,0,0,0.23529411764705882,16.0
General Insuranc,540755,GICRE,Finance & Investments,134.6,23614.22,5.47,1.67,12.14,65.28,24.6,0.66,6.65,1.44,11.81,1859.93,84.05,11970.3,-8.48,85.78,5,0.0,1.71,0.0,175.44,0.46,2.68,449.5,81.5,127.72,127.11,0.4798992998190539,Conservative,59.81,29.944382647385982,60.54977711738485,2,0,0,0,0,1,0,2,0,1,0,0,0,2,2,0,0,0.29411764705882354,4.0
Gland Pharma,543245,GLAND,Pharmaceuticals - Indian - Bulk Drugs,1732.45,28531.45,27.74,0.0,31.02,26.89,62.53,3.73,18.51,16.87,24.79,239.63,-20.68,1048.31,-2.98,57.86,3,0.0,1.16,0.0,16.47,6.1,14.13,4350.0,1660.0,2026.32,2562.52,-20.924714733933786,Very Aggresive,-0.8499999999999979,39.826436781609196,95.81806112730526,0,0,1,0,0,0,0,0,0,0,0,0,0,0,2,0,0,0.08823529411764706,22.0
Glaxosmi. Pharma,500660,GLAXO,Pharmaceuticals - Multinational,1319.35,22350.59,53.87,2.27,23.69,43.77,99.29,15.36,81.33,43.47,36.66,193.42,2.26,916.87,-1.85,75.0,8,0.0,1.33,0.02,16.94,2.17,12.29,1936.01,346.05,1379.84,1470.74,-6.180562165984477,Moderatively Aggresive,-10.099999999999994,68.14789179807956,26.228824800090955,0,2,2,2,1,1,0,2,0,0,0,0,0,0,1,0,0,0.3235294117647059,4.0
GMR Airports Inf,532754,GMRINFRA,Engineering - Turnkey Services,37.35,22544.26,,0.0,26.11,25.78,-1.15,,,-1.31,5.99,-195.02,-7927.65,1752.16,55.6,58.9,7,74.86,,,603.59,27.85,9.36,122.57,8.87,36.71,36.2,1.4088397790055192,Conservative,,30.47238312800849,23.748326639892902,0,0,0,0,0,0,0,0,1,0,0,0,0,0,0,0,0,0.029411764705882353,41.0
Godrej Consumer,532424,GODREJCP,Personal Care - Indian,838.9,85788.85,53.01,0.0,17.23,38.05,15.6,6.77,16.98,11.76,18.53,358.86,-21.54,3391.92,7.22,63.22,5,0.66,8.04,0.09,102.26,24.43,5.87,1138.5,20.98,849.57,848.64,0.1095871040724057,Conservative,-14.96,73.6846728151076,2.50089402789367,0,0,0,0,0,0,0,0,1,0,0,0,0,0,0,0,0,0.029411764705882353,42.0
Godrej Propert.,533150,GODREJPROP,Construction,1273.95,35418.48,89.46,0.0,-1.85,32.63,14.39,4.03,3.85,1.92,4.83,67.03,53.82,165.09,27.66,58.48,5,0.0,8.25,0.61,27.8,27.5,9.48,2598.0,153.9,1267.57,1397.85,-9.320027184604927,Moderatively Aggresive,-56.82999999999999,49.03579676674365,12.080536912751679,0,0,0,0,0,0,0,0,1,1,0,0,0,0,0,0,0,0.058823529411764705,59.0
Grasim Inds,500300,GRASIM,Textiles - Manmade,1708.85,112510.97,14.9,0.29,19.12,9.5,113.41,1.47,10.75,4.05,12.19,1509.19,-21.74,27485.54,21.79,42.75,5,0.0,0.77,1.14,65.84,12.03,28.06,1939.0,110.0,1695.51,1609.47,5.3458591958843575,Moderatively Aggresive,-5.4,88.13047962867458,6.43707756678468,0,0,0,0,0,0,1,0,0,0,1,0,2,1,0,0,0,0.14705882352941177,33.0
Grindwell Norton,506076,GRINDWELL,Abrasives And Grinding Wheels,1938.05,21458.09,62.77,0.62,19.86,50.53,30.88,13.27,19.17,14.15,25.72,90.32,25.89,634.66,23.8,58.08,8,0.0,3.18,0.02,11.07,7.52,18.82,2328.35,33.38,2064.3,1880.11,9.796767210429193,Moderatively Aggresive,-12.240000000000002,83.23705628449332,1.7223497845772813,0,0,1,1,1,0,0,0,0,0,0,0,0,0,1,1,0,0.14705882352941177,34.0
Gujarat Fluoroch,542812,FLUOROCHEM,Chemicals,3519.3,38659.51,35.78,0.11,33.69,26.57,99.57,7.89,19.63,11.84,20.24,357.23,74.31,1461.34,51.59,66.08,8,3.23,,0.35,10.98,4.99,25.04,4173.95,217.35,3685.25,3135.9,17.51809687808922,Very Aggresive,-9.21,84.31581595371291,6.175944079788594,0,0,0,0,1,0,0,0,0,1,0,1,0,0,0,0,0,0.08823529411764706,23.0
Gujarat Gas,539336,GUJGASLTD,Miscellaneous,501.9,34550.3,25.36,0.4,11.52,24.88,19.66,5.5,25.67,14.32,30.89,404.41,64.74,3976.46,9.7,60.89,6,0.0,0.61,0.05,68.84,5.03,13.96,786.65,90.64,497.03,513.55,-3.216824067763603,Moderatively Conservative,-0.4800000000000004,63.80219919913558,18.059374377366012,0,1,1,1,0,0,0,0,0,1,0,0,0,0,1,0,0,0.14705882352941177,31.0
H D F C,500010,HDFC,Finance - Housing,2667.05,485235.12,20.09,1.12,38.04,23.17,133.17,2.62,13.45,2.68,8.6,7042.89,24.64,43916.98,13.8,0.0,5,0.0,1.31,2.92,181.94,67.77,11.18,3021.1,135.8,2452.8,2401.79,2.1238326414882325,Moderatively Conservative,3.080000000000002,88.28075866406276,5.091768058341613,1,0,0,0,0,0,2,0,2,0,1,1,0,0,0,0,0,0.20588235294117646,21.0
H P C L,500104,HINDPETRO,Refineries,209.1,29661.85,,6.7,-2.45,3.52,-54.01,1.06,18.08,4.97,11.65,-2475.69,-229.02,108462.49,30.49,54.9,6,0.0,,2.65,141.85,16.74,10.37,493.0,35.11,216.78,242.12,-10.465884685280027,Aggresive,,42.41379310344828,16.791009086561452,0,0,0,0,0,2,0,0,0,0,0,0,2,2,0,0,0,0.17647058823529413,9.0
Havells India,517354,HAVELLS,Electric Equipment,1221.55,76531.3,70.31,0.61,10.04,34.7,17.38,12.4,21.41,12.35,27.58,187.01,-38.16,3679.49,13.63,59.45,5,0.0,4.37,0.03,62.65,23.3,7.43,1504.45,6.22,1252.68,1244.52,0.6556744769067658,Conservative,-35.61,81.19578583535511,0.5091891449388072,0,0,0,1,0,0,0,0,1,0,0,0,0,0,1,2,0,0.14705882352941177,24.0
HCL Technologies,532281,HCLTECH,Computers - Software - Large,1103.15,299357.97,21.69,3.44,22.4,26.39,50.88,4.89,22.01,15.35,25.4,3487.0,7.0,24686.0,19.52,60.72,8,0.0,2.32,0.11,271.37,17.17,5.34,1377.75,21.67,1013.29,1021.77,-0.8299323722559889,Conservative,4.699999999999999,80.06895300308474,1.964374745048271,1,0,1,0,1,2,2,0,0,0,0,0,0,0,0,1,0,0.23529411764705882,8.0
HDFC AMC,541729,HDFCAMC,Finance & Investments,2052.55,43784.79,31.69,2.05,75.14,25.83,64.78,8.21,27.03,25.39,36.17,364.13,5.73,544.72,0.44,62.8,4,0.0,1.55,0.0,21.33,12.34,12.58,3844.0,1248.3,2018.05,2090.67,-3.473527625115399,Moderatively Conservative,-5.860000000000003,53.39620187304891,60.81703247180336,0,1,2,2,0,1,0,0,0,0,0,2,0,0,2,0,0,0.29411764705882354,5.0
HDFC Bank,500180,HDFCBANK,Banks - Private Sector,1613.9,899684.31,21.56,0.96,59.29,16.04,75.16,3.62,16.63,1.94,5.83,11162.59,22.31,40929.79,22.1,25.64,3,0.0,1.08,7.22,557.46,32.14,14.51,1725.0,44.8,1495.76,1453.78,2.887644622982846,Moderatively Conservative,-5.52,93.55942028985508,2.7758845033769126,0,0,0,0,0,0,2,0,2,0,2,2,1,0,0,0,0,0.2647058823529412,9.0
HDFC Life Insur.,540777,HDFCLIFE,Finance & Investments,531.55,114235.65,86.71,0.32,1.45,65.28,6.27,9.25,10.01,0.62,10.78,326.24,19.0,23053.4,12.34,50.32,5,0.0,13.9,0.08,214.91,28.81,13.97,775.65,307.0,539.38,567.06,-4.8813176736147765,Moderatively Conservative,-21.429999999999993,68.5296203184426,57.75562035556392,0,0,0,0,0,0,1,0,1,0,0,0,0,0,0,0,0,0.058823529411764705,47.0
Hero Motocorp,500182,HEROMOTOCO,Automobiles - Motorcycles / Mopeds,2723.15,54416.82,21.07,3.49,11.48,34.74,129.81,3.31,14.36,9.9,18.56,682.28,-8.51,9158.23,7.25,34.77,4,0.0,-2.55,0.04,19.98,27.79,10.55,4200.0,471.0,2672.45,2671.68,0.028820816864294448,Conservative,13.670000000000002,64.83690476190476,17.296146007381157,2,0,0,0,0,2,0,0,1,0,0,0,0,0,1,0,0,0.17647058823529413,21.0
Hind. Unilever,500696,HINDUNILVR,Personal Care - Multinational,2483.7,583567.98,60.23,1.37,23.85,61.36,41.06,11.77,18.43,12.82,24.34,2670.0,23.24,15144.0,16.08,61.9,6,0.0,3.85,0.02,234.96,14.05,12.32,2859.3,125.5,2547.4,2455.81,3.729523049421582,Moderatively Conservative,1.1300000000000026,86.8639177421047,5.052945202721746,0,0,0,0,0,1,2,0,0,0,0,0,0,0,1,0,0,0.11764705882352941,41.0
Hind.Aeronautics,541154,HAL,Engineering,2622.55,87694.79,14.98,1.91,24.26,22.36,175.11,4.21,29.37,8.98,30.49,1209.22,42.56,5144.89,-7.34,75.15,8,0.0,1.05,0.0,33.44,6.85,4.53,2722.65,448.0,2434.12,1998.98,21.768101731883256,Very Aggresive,7.379999999999999,96.32343488880319,17.08261043640731,1,1,0,1,1,1,1,2,0,0,2,0,0,0,2,0,0,0.35294117647058826,1.0
Hindalco Inds.,500440,HINDALCO,Aluminium and Aluminium Products,438.6,98561.95,7.11,0.91,12.89,14.96,61.63,1.08,18.49,6.52,16.2,2205.0,-35.4,56176.0,17.86,34.64,8,0.0,0.15,0.74,224.72,24.85,13.11,636.0,36.75,415.45,424.81,-2.2033379628539853,Moderatively Conservative,7.8500000000000005,68.9622641509434,8.378932968536251,1,0,0,0,1,0,1,0,1,0,0,0,1,2,0,0,0,0.20588235294117646,22.0
Hindustan Zinc,500188,HINDZINC,Mining / Minerals / Metals,323.4,136646.82,11.98,11.29,54.71,13.46,26.99,4.37,28.75,21.18,37.34,2681.0,32.92,8336.0,36.16,64.93,8,86.05,3.26,0.09,422.53,0.81,1.78,408.6,14.05,289.93,292.61,-0.915894877140223,Conservative,1.4800000000000004,79.1483113069016,4.344465058750774,0,1,2,2,1,2,1,0,0,0,0,1,1,0,0,0,0,0.3235294117647059,2.0
Honeywell Auto,517174,HONAUT,Electronics - Components,41020.45,36262.08,94.85,0.22,14.76,36.28,432.4,12.21,12.52,8.53,16.81,117.94,38.43,794.25,7.74,75.0,6,0.0,6.4,0.02,0.88,2.88,9.66,49990.0,619.05,39585.99,39250.44,0.8548948750638098,Conservative,-58.56999999999999,82.05731146229245,1.5091253265139704,0,0,0,0,0,0,0,2,0,0,0,0,0,0,1,1,0,0.11764705882352941,28.0
I O B,532388,IOB,Banks - Public Sector,21.35,40356.65,21.24,0.0,46.81,10.04,1.01,1.75,8.55,0.6,4.44,501.34,33.19,4717.61,10.89,96.38,7,0.0,1.06,11.53,1890.24,0.08,2.19,228.9,6.05,18.91,18.39,2.827623708537246,Moderatively Conservative,-11.2,9.327217125382264,28.337236533957842,0,0,0,0,0,0,0,2,0,0,0,1,1,1,0,0,0,0.14705882352941177,32.0
I O C L,530965,IOC,Refineries,69.25,97789.58,7.66,12.13,4.37,3.52,8.16,0.77,20.45,6.71,15.62,-910.21,-114.67,208753.93,56.73,51.5,7,0.0,1.62,1.26,1412.12,7.22,10.42,154.32,24.92,69.08,72.93,-5.279034690799408,Moderatively Aggresive,-4.140000000000001,44.87428719543805,35.985559566787,0,0,0,0,0,2,1,0,0,0,0,0,2,2,0,0,0,0.20588235294117646,15.0
I R C T C,542830,IRCTC,Travel Agencies,718.1,57448.0,64.05,0.49,40.96,64.05,11.18,25.67,39.93,19.08,51.33,226.03,42.54,805.8,98.99,67.4,8,0.0,2.7,0.08,80.0,5.81,21.23,1279.26,125.0,724.33,699.12,3.6059617805240927,Moderatively Conservative,0.0,56.13401497740882,17.407046372371536,0,2,2,2,1,0,0,0,0,0,0,1,0,0,0,0,0,0.23529411764705882,17.0
I R F C,543257,IRFC,Finance - Term-Lending Institutions,27.5,35938.39,5.56,5.09,99.34,4.73,4.94,0.83,15.84,1.47,5.11,1714.28,14.17,5809.8,23.88,86.36,6,0.0,0.12,8.88,1306.85,1.05,9.19,28.7,19.3,22.98,22.12,3.8878842676311005,Moderatively Conservative,-0.8299999999999992,95.81881533101046,70.18181818181819,0,0,0,0,0,2,0,2,0,0,2,2,2,2,0,0,0,0.35294117647058826,2.0
ICICI Bank,532174,ICICIBANK,Banks - Private Sector,920.35,641756.91,21.65,0.54,20.71,16.04,42.63,3.52,14.8,1.6,5.59,8361.21,31.44,28850.49,22.88,0.0,7,0.0,1.1,6.89,697.3,44.77,10.44,943.25,45.88,889.47,810.76,9.708175045636198,Moderatively Aggresive,-5.609999999999999,97.57222369467267,4.985060031509752,0,0,0,0,0,0,2,0,2,0,2,0,1,0,0,0,0,0.20588235294117646,16.0
ICICI Lombard,540716,ICICIGI,Finance & Investments,1136.7,55823.05,35.57,0.79,6.28,65.28,31.97,5.61,15.13,2.82,19.19,590.53,32.21,4668.78,17.42,48.02,5,0.0,2.84,0.0,49.11,24.07,11.92,1675.0,619.0,1165.47,1241.96,-6.158813488357113,Moderatively Aggresive,29.71,67.86268656716418,54.45588105920647,2,0,0,0,0,0,0,0,1,0,0,0,0,0,2,0,0,0.14705882352941177,35.0
ICICI Pru Life,540133,ICICIPRULI,Finance & Investments,469.7,67568.86,78.98,0.12,-1.79,65.28,5.95,7.02,6.3,0.33,7.26,200.12,-55.09,22604.88,-2.4,73.35,4,0.0,-5.37,0.12,143.86,16.63,4.99,724.5,221.95,516.36,535.04,-3.491327751196163,Moderatively Conservative,-13.700000000000003,64.83091787439614,47.25356610602512,0,0,0,0,0,0,0,1,0,0,0,0,0,0,0,0,0,0.029411764705882353,53.0
IDBI Bank,500116,IDBI,Banks - Private Sector,48.35,51987.86,17.98,0.0,46.72,16.04,2.69,1.22,6.32,0.85,4.07,781.6,31.82,4993.82,20.09,94.71,4,0.0,0.89,5.81,1075.24,0.05,5.08,202.25,17.25,44.36,42.07,5.443308771095791,Moderatively Aggresive,-1.9400000000000013,23.906056860321385,35.67735263702171,0,0,0,0,0,0,0,2,0,0,0,1,1,1,0,0,0,0.14705882352941177,36.0
IDFC First Bank,539437,IDFCFIRSTB,Banks - Private Sector,55.85,34807.41,20.54,0.0,36.77,16.04,2.73,1.65,0.7,0.08,4.61,567.19,411.21,5469.76,33.39,36.47,5,0.0,-0.62,7.52,623.23,19.28,30.18,83.45,17.65,53.43,46.55,14.779806659505915,Aggresive,-4.5,66.92630317555422,31.602506714413604,0,0,0,0,0,0,0,0,0,2,0,1,1,1,0,0,0,0.14705882352941177,13.0
Indian Bank,532814,INDIANB,Banks - Public Sector,274.35,34168.68,7.85,2.37,49.68,10.04,34.96,0.76,9.81,0.64,4.27,1288.04,14.32,10727.67,13.12,79.86,4,0.0,0.34,13.59,124.54,2.6,5.45,428.0,41.55,227.44,184.87,23.026991940282358,Very Aggresive,2.1899999999999995,64.10046728971963,15.144887916894476,0,0,0,0,0,1,0,2,0,0,0,1,1,2,0,0,0,0.20588235294117646,11.0
Indian Hotels Co,500850,INDHOTEL,Hotels,313.9,44586.34,104.43,0.13,25.72,36.43,3.15,6.2,-5.45,-2.55,1.21,129.59,202.07,1232.61,69.23,38.19,7,0.0,,0.38,142.04,16.25,16.22,349.0,30.86,316.9,265.8,19.224981188863794,Very Aggresive,-68.0,89.94269340974212,9.831156419241797,0,0,0,0,0,0,0,0,0,2,1,0,0,0,0,0,0,0.08823529411764706,24.0
Indraprastha Gas,532514,IGL,Miscellaneous,418.05,29263.53,19.42,1.32,18.6,11.71,21.53,3.96,19.77,13.29,26.48,416.15,3.9,3554.01,94.08,45.0,8,0.0,1.13,0.01,70.0,20.99,8.74,604.0,17.24,406.83,405.38,0.3576890818491264,Conservative,-7.710000000000001,69.2135761589404,4.12390862337041,0,0,1,1,1,0,0,0,0,0,0,0,1,0,1,0,0,0.14705882352941177,25.0
Indus Towers,534816,INDUSTOWER,Transmisson Line Towers / Equipment,196.85,53049.83,11.17,5.59,44.4,9.82,17.62,2.59,32.43,13.27,24.61,871.8,-44.06,7966.6,15.85,69.0,9,30.5,0.52,0.99,269.49,26.5,1.57,505.0,120.05,194.34,210.43,-7.64624815853253,Moderatively Aggresive,-1.3499999999999996,38.98019801980198,60.985521971043944,0,2,1,0,2,2,0,0,1,0,0,1,2,0,0,0,0,0.3235294117647059,5.0
IndusInd Bank,532187,INDUSINDBK,Banks - Private Sector,1128.65,87509.34,14.8,0.75,50.8,16.04,76.3,1.83,10.13,1.21,5.95,1786.72,60.46,8708.03,13.83,15.89,7,45.48,1.48,7.15,77.53,46.97,13.93,2038.0,26.15,1139.9,1039.19,9.691201801403018,Moderatively Aggresive,1.2399999999999984,55.38027477919529,2.3169273025295705,0,0,0,0,0,0,0,0,2,1,0,1,1,1,0,0,0,0.17647058823529413,22.0
Info Edg.(India),532777,NAUKRI,Miscellaneous,3894.75,50236.09,16.89,0.33,12.88,60.77,428.02,3.53,21.83,18.64,24.26,93.9,59.5,604.13,65.94,38.11,6,0.0,0.14,0.01,12.9,31.81,13.03,7465.4,94.05,3986.69,4258.95,-6.392655466723013,Moderatively Aggresive,43.88,52.170680740482766,2.414789139225881,2,0,1,0,0,0,0,0,2,1,0,0,0,0,1,0,0,0.20588235294117646,17.0
Infosys,500209,INFY,Computers - Software - Large,1593.4,670494.9,29.31,1.95,24.41,26.39,54.38,8.38,28.98,19.64,37.09,6026.0,11.07,36538.0,23.43,15.16,7,0.0,3.2,0.08,420.8,36.2,15.93,1953.9,117.26,1510.23,1543.44,-2.1516871404136237,Moderatively Conservative,-2.919999999999998,81.54972107067915,7.359106313543366,0,1,2,2,0,1,2,0,2,0,0,0,0,0,0,0,0,0.29411764705882354,6.0
Interglobe Aviat,539448,INDIGO,Transport - Airlines,1782.95,68721.06,,0.0,5.71,17.94,-109.06,,,-14.42,-13.23,-1585.49,-10.07,12497.59,122.83,71.93,5,0.0,,,38.54,18.06,2.18,2380.0,691.0,1806.38,1840.62,-1.8602427442926721,Conservative,,74.91386554621849,38.75599427914411,0,0,0,0,0,0,0,1,0,0,0,0,1,0,0,0,0,0.058823529411764705,36.0
Ipca Labs.,524494,IPCALAB,Pharmaceuticals - Indian - Bulk Drugs & Formln,864.85,21941.61,35.76,0.46,17.68,27.4,24.18,3.8,17.37,13.0,20.39,145.89,-42.49,1600.95,3.66,46.29,2,0.0,1.0,0.13,25.37,10.57,9.34,1383.56,23.5,900.12,947.9,-5.040616098744591,Moderatively Aggresive,-8.36,62.5090346641996,2.717234202462855,0,0,0,0,0,0,0,0,0,0,0,0,0,0,0,0,0,0.0,67.0
ITC,500875,ITC,Cigarettes,341.05,423253.97,24.52,3.37,33.98,18.25,13.98,6.44,24.76,20.48,33.64,4681.85,24.4,17107.99,24.36,0.0,6,0.0,2.95,0.0,1241.03,42.68,14.87,367.7,29.38,338.13,295.57,14.39929627499408,Aggresive,-6.27,92.75224367691052,8.614572643307431,0,1,2,1,0,1,2,0,2,0,1,1,1,0,2,0,0,0.4117647058823529,1.0
J K Cements,532644,JKCEMENT,Cement - North India,2925.5,22604.83,36.97,0.51,16.42,28.36,80.1,4.99,17.35,6.57,16.62,111.04,-25.73,2227.95,17.57,45.84,6,0.0,1.2,1.05,7.73,15.63,16.63,3838.0,31.25,2709.96,2659.84,1.8843238691049042,Conservative,-8.61,76.22459614382491,1.068193471201504,0,0,0,0,0,0,0,0,0,0,0,0,0,0,0,1,0,0.029411764705882353,43.0
Jindal Steel,532286,JINDALSTEL,Steel - Sponge Iron,517.75,52815.06,13.46,0.58,21.99,9.75,52.16,1.4,17.83,9.14,21.67,219.27,-132.61,13521.4,-0.66,61.19,7,40.84,0.35,0.38,102.01,11.02,11.42,796.1,27.67,456.19,423.83,7.635136729349035,Moderatively Aggresive,-3.710000000000001,65.03579952267303,5.344278126508933,0,0,0,0,0,0,0,0,0,0,0,0,2,1,0,0,0,0.08823529411764706,51.0
JSW Energy,533148,JSWENERGY,Power Generation And Supply,304.9,50146.16,23.79,0.66,39.41,20.71,13.47,2.85,10.62,6.03,12.07,456.57,35.63,2387.48,14.37,74.68,7,10.98,1.04,0.64,164.47,5.34,9.65,408.7,33.65,318.02,294.73,7.902147728429397,Moderatively Aggresive,-3.0799999999999983,74.60239784683141,11.036405378812725,0,0,0,0,0,0,0,1,0,0,0,1,0,0,0,0,0,0.058823529411764705,60.0
JSW Steel,500228,JSWSTEEL,Steel - Large,708.2,171187.55,22.69,2.45,14.73,9.84,31.36,2.76,37.62,12.53,28.23,-915.0,-118.91,41778.0,28.54,45.19,9,15.21,0.53,1.25,241.72,10.75,33.7,790.0,16.01,672.23,647.89,3.756810569695478,Moderatively Conservative,-12.850000000000001,89.64556962025317,2.260660830273934,0,2,0,1,2,1,1,0,0,0,1,0,2,0,0,1,0,0.3235294117647059,3.0
Jubilant Food.,533155,JUBLFOOD,Food - Processing - MNC,551.05,36360.77,76.77,0.22,24.17,76.77,7.2,17.58,24.96,10.05,21.06,131.53,8.93,1301.49,16.6,41.94,8,1.67,1.71,1.12,65.98,28.66,9.28,918.0,16.0,590.22,593.66,-0.5794562544217129,Conservative,0.0,60.027233115468405,2.9035477724344436,0,1,0,0,1,0,0,0,1,0,0,0,0,0,0,0,0,0.08823529411764706,31.0
Kansai Nerolac,500165,KANSAINER,Paints / Varnishes,434.1,23394.51,57.37,0.52,10.24,57.74,7.84,5.37,8.12,5.92,11.45,111.21,27.42,1930.96,19.22,74.99,6,0.0,-8.5,0.07,53.89,3.45,8.28,680.0,16.08,466.19,475.08,-1.8712637871516349,Conservative,0.37000000000000455,63.83823529411765,3.7042156185210775,0,0,0,0,0,0,0,1,0,0,0,0,0,0,0,0,0,0.029411764705882353,44.0
Kotak Mah. Bank,500247,KOTAKBANK,Banks - Private Sector,1959.55,389129.76,28.49,0.06,18.04,16.04,68.81,4.02,13.27,2.35,6.29,3608.18,20.73,9993.83,21.39,25.96,4,0.0,1.45,3.76,198.58,40.92,13.16,2253.0,28.53,1880.44,1841.61,2.108481165936336,Moderatively Conservative,-12.45,86.9751442521083,1.455946518333291,0,0,0,0,0,0,2,0,2,0,0,0,1,0,0,1,0,0.17647058823529413,24.0
L & T Infotech,540005,LTI,Computers - Software - Large,4895.9,85863.48,33.52,0.92,19.21,26.39,146.14,9.34,28.5,19.85,35.72,679.8,23.17,4836.7,28.4,74.0,5,0.0,1.75,0.09,17.54,8.13,9.74,7595.25,595.0,4745.83,4863.87,-2.426874073525813,Moderatively Conservative,-7.130000000000003,64.46002435732859,12.153026001348067,0,1,2,1,0,0,0,1,0,0,0,0,0,0,0,0,0,0.14705882352941177,33.0
L&T Fin.Holdings,533519,L&TFH,Finance & Investments,80.75,20010.3,16.25,0.62,57.22,25.83,5.4,0.98,4.66,0.84,6.58,405.57,108.73,3138.1,6.07,66.2,6,0.0,-5.4,4.18,247.81,6.75,21.69,198.9,37.29,79.39,77.99,1.7951019361456673,Conservative,9.579999999999998,40.598290598290596,46.17956656346749,1,0,0,0,0,0,0,0,0,2,0,2,0,2,0,0,0,0.20588235294117646,16.0
L&T Technology,540115,LTTS,Computers - Software - Medium / Small,3804.35,40165.65,37.63,0.66,21.48,32.98,101.14,9.02,24.48,16.84,30.77,283.2,22.78,1995.1,24.1,73.87,8,0.0,2.21,0.1,10.56,6.04,12.1,5958.1,671.0,3611.86,3756.33,-3.8460412157611237,Moderatively Conservative,-4.650000000000006,63.851731256608645,17.637704207026168,0,1,1,1,1,0,0,1,0,0,0,0,0,0,0,0,0,0.14705882352941177,34.0
Larsen & Toubro,500510,LT,Engineering - Turnkey Services,2024.45,284508.94,29.62,1.09,12.49,25.78,68.37,3.48,10.25,3.12,10.96,2785.26,26.44,42762.61,22.98,0.0,5,0.0,4.47,1.58,140.54,22.12,37.17,2078.55,102.11,1936.48,1809.18,7.03633690401176,Moderatively Aggresive,-3.84,97.39722402636453,5.043839067401022,0,0,0,0,0,0,2,0,1,0,2,0,0,0,0,0,0,0.14705882352941177,37.0
Laurus Labs,540222,LAURUSLABS,Pharmaceuticals - Indian - Formulations,450.05,24183.86,30.63,0.44,27.01,26.39,14.69,6.39,24.62,12.28,23.4,227.44,15.08,1498.16,27.37,27.27,5,0.04,1.01,0.51,53.74,22.67,40.74,723.75,59.0,492.6,521.24,-5.49458982426521,Moderatively Aggresive,-4.239999999999998,62.183074265975826,13.10965448283524,0,1,0,0,0,0,0,0,1,0,0,0,0,0,0,0,0,0.058823529411764705,61.0
LIC Housing Fin.,500253,LICHSGFIN,Finance - Housing,373.6,20550.35,6.58,2.28,88.82,23.17,56.78,0.81,10.08,0.93,7.1,311.44,24.66,5096.35,8.03,45.24,2,0.0,1.99,9.12,55.01,20.97,13.1,794.1,24.03,395.4,387.09,2.1467875687824547,Moderatively Conservative,16.590000000000003,47.04697141417958,6.432012847965739,2,0,0,0,0,1,0,0,0,0,0,2,0,2,0,0,0,0.20588235294117646,23.0
Life Insurance,543526,LICI,Finance & Investments,638.8,404040.85,21.0,0.23,-6.22,65.28,30.42,38.82,48.22,0.1,142.46,15952.49,,216355.18,,96.5,6,0.0,1.66,0.0,632.5,0.18,2.42,920.0,588.0,635.66,721.44,-11.890108671545809,Aggresive,44.28,69.43478260869564,92.0475892298059,2,2,0,2,0,0,2,2,0,0,0,0,0,0,2,0,0,0.35294117647058826,3.0
Linde India,523457,LINDEINDIA,Chemicals,3060.1,26096.53,64.87,0.11,22.78,26.57,47.17,9.29,12.34,8.32,17.09,90.76,45.54,685.96,35.24,75.0,9,0.0,0.34,0.01,8.53,2.77,14.45,4192.35,85.0,3193.97,3102.46,2.949594837644958,Moderatively Conservative,-38.300000000000004,72.99247438787314,2.77768700369269,0,0,0,0,2,0,0,2,0,1,0,0,0,0,1,0,0,0.17647058823529413,25.0
Lupin,500257,LUPIN,Pharmaceuticals - Indian - Bulk Drugs,721.05,32785.56,427.45,0.55,8.3,26.89,1.51,2.76,-11.85,-6.82,-7.16,134.47,106.19,4145.52,1.32,47.11,5,0.0,,0.37,45.47,13.81,11.45,2129.0,52.5,698.24,724.9,-3.6777486549868907,Moderatively Conservative,-400.56,33.868013151714415,7.2810484709798216,0,0,0,0,0,0,0,0,0,2,0,0,0,0,0,0,0,0.058823529411764705,48.0
M & M,500520,M&M,Automobiles - Passenger Cars,1227.15,152558.37,18.26,0.94,16.95,34.77,73.95,3.02,14.17,4.11,11.31,3021.38,16.8,29870.38,39.13,19.38,7,0.06,1.42,1.65,124.32,38.27,9.83,1366.55,52.5,1273.2,1112.76,14.418203386174921,Aggresive,16.51,89.7991291939556,4.278205598337611,2,0,0,0,0,0,1,0,2,0,1,0,0,0,0,0,0,0.17647058823529413,10.0
M & M Fin. Serv.,532720,M&MFIN,Finance & Investments,202.4,25008.29,10.5,1.78,65.36,25.83,18.94,1.46,6.86,1.34,7.44,492.04,-50.99,3010.95,2.81,52.16,7,0.0,0.62,4.27,123.56,16.93,8.6,327.71,16.72,207.16,190.94,8.494815125170211,Moderatively Aggresive,15.329999999999998,61.76192365200941,8.26086956521739,2,0,0,0,0,1,0,0,0,0,0,2,0,1,0,0,0,0.17647058823529413,23.0
Macrotech Devel.,543287,LODHA,Construction,1034.2,49817.15,38.78,0.0,22.93,32.21,3.3,4.34,14.37,3.11,10.34,-933.0,-12.5,1765.43,-16.88,82.2,7,0.0,2.5,0.92,48.17,13.93,1.34,1539.0,421.15,1005.89,1038.97,-3.1839225386681083,Moderatively Conservative,-6.57,67.19948018193632,40.72229742796364,0,0,0,0,0,0,0,2,0,0,0,0,0,0,0,0,0,0.058823529411764705,49.0
Marico,531642,MARICO,Personal Care - Indian,486.1,62850.67,50.97,1.9,18.06,38.05,9.54,16.75,36.64,22.61,42.73,307.0,-2.59,2496.0,3.18,59.48,4,0.0,5.13,0.14,129.3,25.0,5.46,607.7,11.04,514.74,512.35,0.4664779935590878,Conservative,-12.920000000000002,79.99012670725688,2.2711376260028797,0,2,2,2,0,1,0,0,1,0,0,0,0,0,0,0,0,0.23529411764705882,9.0
Maruti Suzuki,532500,MARUTI,Automobiles - Passenger Cars,8848.05,267281.89,44.06,0.68,8.15,34.77,200.82,4.67,7.25,5.36,8.95,2112.5,333.87,29942.5,45.7,56.37,6,0.0,-5.55,0.01,30.21,21.84,3.62,10000.0,393.0,8973.68,8431.64,6.428642589104859,Moderatively Aggresive,-9.29,88.48049999999999,4.441656636207979,0,0,0,0,0,0,2,0,1,2,1,0,0,0,1,0,0,0.20588235294117646,18.0
Max Financial,500271,MFSL,Finance & Investments,661.5,22829.34,76.05,0.0,1.53,25.83,8.7,5.84,6.96,0.3,10.6,61.61,29.42,9316.09,-0.1,14.72,6,94.01,-8.95,0.13,34.51,45.76,7.81,1148.05,69.3,729.75,796.41,-8.3700606471541,Moderatively Aggresive,-50.22,57.61944166194852,10.476190476190476,0,0,0,0,0,0,0,0,2,0,0,0,0,0,0,0,0,0.058823529411764705,62.0
Max Healthcare,543220,MAXHEALTH,Healthcare,426.3,41354.29,43.78,0.0,25.28,33.55,9.73,5.98,10.32,6.94,12.23,457.35,203.38,1137.12,11.67,23.8,7,0.0,0.4,0.11,97.01,49.27,5.76,482.8,97.15,423.71,385.94,9.786495310151832,Moderatively Aggresive,-10.230000000000004,88.29743164871583,22.789115646258505,0,0,0,0,0,0,0,0,2,2,1,0,0,0,0,0,0,0.14705882352941177,38.0
Metro Brands,543426,METROBRAND,Trading,794.1,21564.27,61.42,0.28,33.55,82.47,12.93,15.12,20.2,10.77,19.88,77.89,44.39,476.31,46.73,74.25,8,0.0,3.32,0.56,27.16,3.28,17.73,980.85,426.0,831.96,702.8,18.377916903813333,Very Aggresive,21.049999999999997,80.96039149717083,53.64563656970155,2,0,0,0,1,0,0,1,0,1,0,1,0,0,0,0,0,0.17647058823529413,17.0
Mindspace Busine,543217,MINDSPACE,Construction,339.49,20132.37,46.3,,69.31,46.82,7.74,1.32,2.96,2.24,5.29,87.4,-34.55,684.5,61.29,63.22,6,49.83,,0.32,59.3,,,455.8,274.95,355.62,351.59,1.146221451122054,Conservative,0.5200000000000031,74.482229047828,80.98913075495597,0,0,0,0,0,0,0,0,0,0,0,2,0,1,0,0,0,0.08823529411764706,32.0
Mindtree,532819,MINDTREE,Computers - Software - Large,3506.15,57835.92,30.59,1.06,21.0,26.39,114.7,10.2,33.76,22.77,41.54,508.7,27.53,3400.4,31.48,60.95,7,0.0,0.97,0.11,16.5,12.06,15.13,5060.0,45.13,3406.57,3398.97,0.22359714854795318,Conservative,-4.199999999999999,69.2915019762846,1.287166835417766,0,2,2,2,0,0,0,0,0,0,0,0,0,0,0,1,0,0.20588235294117646,17.0
Motherson Wiring,543498,MSUMI,Auto Ancillaries,59.05,26106.64,55.51,1.03,12.24,23.21,,23.88,50.1,21.01,59.42,116.45,-12.79,1835.21,31.09,61.73,4,19.24,,0.34,442.11,10.47,8.57,71.15,40.0,60.05,54.13,10.93663402918898,Aggresive,-32.3,82.99367533380182,67.73920406435224,0,2,2,2,0,0,0,0,0,0,0,0,0,0,0,0,0,0.17647058823529413,11.0
Mphasis,526299,MPHASIS,Computers - Software - Medium / Small,1948.6,36685.34,23.37,2.36,17.61,32.98,83.56,5.25,21.24,14.27,27.38,418.46,22.55,3519.82,22.67,55.7,5,0.0,1.9,0.15,18.83,20.71,5.8,3659.75,106.0,2065.24,2361.87,-12.559116293445452,Aggresive,9.609999999999996,53.244074048773825,5.439802935440829,1,0,1,1,0,1,0,0,0,0,0,0,0,0,0,0,0,0.11764705882352941,19.0
MRF,500290,MRF,Tyres,88092.7,37351.3,65.75,0.17,9.23,27.77,1339.42,2.62,4.85,2.92,7.05,129.86,-31.31,5826.3,18.71,27.87,4,0.0,-4.42,0.22,0.42,16.46,43.18,98599.95,1470.0,85777.19,79844.17,7.430749170540572,Moderatively Aggresive,-37.980000000000004,89.34355443385114,1.6686967251542977,0,0,0,0,0,0,0,0,0,0,1,0,0,0,0,1,0,0.058823529411764705,63.0
Muthoot Finance,533398,MUTHOOTFIN,Finance & Investments,1061.45,42610.45,11.65,1.88,82.2,25.83,91.15,2.22,23.55,5.9,14.15,867.21,-12.76,2497.73,-11.75,73.35,4,0.0,0.43,2.43,40.14,9.93,4.96,1722.55,72.6,1060.39,1145.98,-7.468716731531084,Moderatively Aggresive,14.179999999999998,61.62085280543381,6.83970040981676,2,1,0,0,0,1,0,1,0,0,0,2,0,1,0,0,0,0.23529411764705882,13.0
Navin Fluo.Intl.,532504,NAVINFLUOR,Chemicals,4298.65,21302.11,77.13,0.37,24.04,26.57,55.74,10.95,15.16,12.31,19.14,57.81,-8.57,419.2,23.67,29.4,3,3.09,5.12,0.31,4.96,20.07,27.86,4848.35,14.51,4444.38,4129.9,7.614712220634895,Moderatively Aggresive,-50.559999999999995,88.6621221652727,0.3375478347853396,0,0,0,0,0,0,0,0,0,0,1,0,0,0,0,2,0,0.08823529411764706,52.0
Nestle India,500790,NESTLEIND,Food - Processing - MNC,19925.1,192109.28,81.91,1.0,22.15,61.27,224.55,82.51,113.08,28.81,147.06,668.34,8.26,4591.0,18.25,62.76,6,0.0,4.52,0.12,9.64,12.05,16.33,21053.0,600.0,19673.01,18812.9,4.571916078860765,Moderatively Conservative,-20.639999999999993,94.64256875504677,3.011277233238478,0,2,2,2,0,0,1,0,0,0,2,0,0,0,0,0,0,0.2647058823529412,10.0
NHPC Ltd,533098,NHPC,Power Generation And Supply,42.05,42239.37,10.96,4.3,41.12,20.71,3.84,1.14,10.39,5.03,6.5,1685.81,14.99,3366.02,14.47,70.95,4,0.0,3.49,0.7,1004.5,6.52,7.83,46.9,14.65,40.31,35.14,14.712578258394995,Aggresive,9.75,89.6588486140725,34.83947681331748,1,0,0,0,0,2,0,1,0,0,1,1,0,1,0,0,0,0.20588235294117646,6.0
NMDC,526371,NMDC,Mining / Minerals / Metals,111.1,32559.03,5.23,13.27,38.95,9.85,21.25,1.61,29.06,23.04,37.11,888.68,-62.05,3328.45,-51.01,60.79,6,0.0,0.18,0.11,293.06,5.94,12.27,442.68,19.36,103.15,101.94,1.1869727290563155,Conservative,4.619999999999999,25.09713562844492,17.425742574257427,1,1,2,2,0,2,0,0,0,0,0,1,2,1,0,0,0,0.35294117647058826,1.0
NTPC,532555,NTPC,Power Generation And Supply,165.85,160819.21,9.49,4.22,27.88,20.71,17.47,1.14,12.57,4.1,9.23,3417.67,-7.25,44175.03,36.33,51.1,7,0.0,1.07,1.58,969.67,14.97,2.5,242.5,66.67,167.61,153.59,9.128198450419955,Moderatively Aggresive,11.22,68.3917525773196,40.198974977389206,2,0,0,0,0,2,1,0,0,0,0,0,0,1,0,0,0,0.17647058823529413,24.0
O N G C,500312,ONGC,Oil Drilling / Allied Services,141.75,178325.46,4.63,7.41,11.89,15.0,33.16,0.64,19.51,9.02,16.79,6830.16,-62.12,168656.12,38.17,58.89,8,0.0,0.32,0.54,1258.03,8.96,3.32,314.67,50.0,135.23,140.15,-3.5105244381020446,Moderatively Conservative,10.370000000000001,45.04719229669177,35.273368606701936,2,0,0,0,1,2,1,0,0,0,0,0,1,2,0,0,0,0.2647058823529412,11.0
Oberoi Realty,533273,OBEROIRLTY,Construction,896.15,32584.21,22.92,0.33,45.62,32.63,39.1,2.95,10.46,7.47,11.77,318.62,19.52,688.59,-8.71,67.7,6,0.0,1.02,0.27,36.36,18.02,2.49,1088.95,153.15,915.54,888.15,3.083938523897989,Moderatively Conservative,9.71,82.29487120620782,17.089772917480335,1,0,0,0,0,0,0,0,0,0,0,1,0,0,0,0,0,0.058823529411764705,50.0
Oil India,533106,OIL,Oil Drilling / Allied Services,204.3,22154.4,2.73,6.98,34.58,15.0,74.85,0.6,20.37,11.32,21.55,2115.83,64.65,10123.74,39.56,56.66,9,0.0,0.15,0.48,108.44,11.78,6.32,334.98,63.5,193.71,201.98,-4.094464798494892,Moderatively Conservative,12.27,60.98871574422353,31.081742535487027,2,0,0,0,2,2,0,0,0,1,0,1,1,2,0,0,0,0.3235294117647059,4.0
One 97,543396,PAYTM,Miscellaneous,547.0,35508.81,,0.0,-57.96,60.77,-41.41,2.68,-22.05,-17.66,-20.86,-588.8,-29.89,1404.4,33.56,0.0,4,0.0,,0.02,64.92,77.26,21.42,1961.05,510.05,657.81,787.01,-16.41656395725595,Very Aggresive,,27.893220468626502,93.24497257769653,0,0,0,0,0,0,0,0,2,0,0,0,0,0,1,0,0,0.08823529411764706,25.0
Oracle Fin.Serv.,532466,OFSS,Computers - Software - Medium / Small,3075.1,26562.66,14.7,6.18,44.18,32.98,209.34,4.13,27.08,22.56,36.03,397.75,-11.13,1376.03,7.42,73.0,5,0.0,1.62,0.01,8.64,7.22,10.41,5145.0,405.0,3033.7,3282.01,-7.565790475958342,Moderatively Aggresive,18.279999999999998,59.7687074829932,13.170303404767324,2,1,2,2,0,2,0,1,0,0,0,1,0,0,1,0,0,0.35294117647058826,1.0
P & G Hygiene,500459,PGHH,Personal Care - Multinational,13994.1,45425.88,88.74,0.46,19.1,61.36,157.69,61.59,79.49,34.82,109.98,154.41,-29.26,1044.89,-1.27,70.64,5,0.0,15.79,0.01,3.25,1.68,13.12,16466.4,554.1,14069.2,14133.04,-0.45170748826862545,Conservative,-27.379999999999995,84.9857892435505,3.9595258001586386,0,2,2,2,0,0,0,1,0,0,0,0,0,0,1,0,0,0.23529411764705882,10.0
P I Industries,523642,PIIND,Pesticides / Agrochemicals - Indian,3299.0,50051.81,48.87,0.18,22.85,24.67,67.51,7.56,14.72,11.41,17.33,334.8,45.82,1770.0,30.7,46.09,6,0.0,3.78,0.04,15.17,16.72,11.01,3698.5,1.96,3218.06,2995.87,7.416543441471093,Moderatively Aggresive,-24.199999999999996,89.19832364472083,0.05941194301303425,0,0,0,0,0,0,0,0,0,1,1,0,0,0,1,2,0,0.14705882352941177,39.0
Page Industries,532827,PAGEIND,Textiles - Products,46139.45,51445.49,70.06,0.8,21.51,15.07,658.3,39.13,54.39,28.2,67.19,162.13,1.02,1255.02,15.78,46.12,7,0.0,4.66,0.12,1.12,25.29,9.1,54349.1,240.0,49362.12,45531.08,8.414120640230808,Moderatively Aggresive,-54.99,84.89459807062121,0.5201622472742957,0,2,2,2,0,0,0,0,1,0,0,0,1,0,0,2,0,0.29411764705882354,6.0
Patanjali Foods,500368,PATANJALI,Solvent Extraction,1227.8,44445.73,54.07,0.41,4.93,49.68,25.6,4.78,17.32,7.85,17.54,112.29,-31.64,8514.12,42.02,80.82,7,0.0,2.55,0.05,36.2,2.24,14.58,1535.0,3.28,1322.37,1156.21,14.371091756687788,Aggresive,-4.390000000000001,79.98697068403908,0.26714448607265023,0,0,0,0,0,0,0,2,0,0,0,0,0,0,1,2,0,0.14705882352941177,14.0
Persistent Sys,533179,PERSISTENT,Computers - Software - Medium / Small,3734.55,28541.3,35.28,0.83,17.48,32.98,105.86,8.1,21.51,14.6,26.3,220.01,36.02,2048.64,51.61,31.26,6,0.0,2.08,0.21,7.64,19.81,20.44,4987.5,140.4,3613.87,3626.66,-0.3526660894597223,Conservative,-2.3000000000000043,74.87819548872181,3.7594890950716957,0,0,1,1,0,0,0,0,0,0,0,0,0,0,0,0,0,0.058823529411764705,37.0
Petronet LNG,532522,PETRONET,Miscellaneous,212.25,31837.5,9.54,2.12,9.51,11.71,22.26,2.24,26.75,16.74,29.8,744.25,-9.57,15985.73,47.84,50.0,7,0.0,0.66,0.24,150.0,34.83,11.11,302.0,14.7,209.32,213.89,-2.136612277338816,Moderatively Conservative,2.1700000000000017,70.28145695364239,6.925795053003533,0,1,1,1,0,1,0,0,2,0,0,0,1,1,0,0,0,0.23529411764705882,18.0
Pfizer,500680,PFIZER,Pharmaceuticals - Multinational,4485.2,20518.77,38.93,0.78,31.93,43.77,134.07,7.04,23.26,17.06,29.18,311.07,19.62,637.47,0.19,63.92,9,0.0,2.02,0.01,4.57,2.55,18.65,6175.0,435.0,4360.55,4414.06,-1.2122626334938857,Conservative,4.840000000000003,72.63481781376518,9.698564166592348,1,1,1,1,2,0,0,0,0,0,0,0,0,0,1,0,0,0.20588235294117646,18.0
Phoenix Mills,503100,PHOENIXLTD,Construction,1488.1,26573.77,44.32,0.16,54.77,32.63,62.27,3.46,4.09,2.09,6.34,221.72,220.25,651.08,78.99,47.31,8,0.0,6.41,0.56,17.86,30.6,4.48,1624.0,24.0,1427.14,1237.39,15.334696417459329,Very Aggresive,-11.689999999999998,91.63177339901478,1.6127948390565152,0,0,0,0,1,0,0,0,1,2,1,1,0,0,0,1,0,0.20588235294117646,12.0
Pidilite Inds.,500331,PIDILITIND,Chemicals,2699.25,137202.59,105.63,0.37,17.26,26.57,25.56,20.78,20.23,13.26,26.13,337.75,-11.27,3011.15,14.65,69.94,5,0.0,14.88,0.1,50.83,11.34,10.98,2918.95,18.55,2656.66,2494.83,6.486614318410471,Moderatively Aggresive,-79.06,92.47332088593502,0.687227933685283,0,0,0,1,0,0,1,0,0,0,1,0,0,0,0,1,0,0.11764705882352941,45.0
Polycab India,542652,POLYCAB,Cables - Power,2527.5,37828.85,33.65,0.55,11.74,21.52,75.19,6.48,17.33,12.49,22.46,270.46,37.16,3332.36,10.84,67.97,5,0.0,1.09,0.02,14.97,6.44,15.24,2862.5,525.05,2619.54,2441.82,7.278177752659892,Moderatively Aggresive,-12.129999999999999,88.29694323144105,20.77349159248269,0,0,0,0,0,0,0,0,0,0,1,0,0,0,1,0,0,0.058823529411764705,64.0
Poonawalla Fin,524000,POONAWALLA,Finance & Investments,308.35,23592.37,45.87,0.13,62.92,25.83,6.79,3.68,9.1,2.53,8.42,163.12,70.79,627.27,23.51,61.48,5,0.0,0.47,1.94,76.51,7.48,25.88,343.8,12.7,308.94,272.23,13.484920838996429,Aggresive,-20.04,89.68877254217568,4.118696286687205,0,0,0,0,0,0,0,0,0,1,1,2,0,0,0,0,0,0.11764705882352941,20.0
Power Fin.Corpn.,532810,PFC,Finance - Term-Lending Institutions,124.85,32961.42,2.33,9.61,89.62,4.73,53.55,0.43,21.17,2.4,9.38,5229.33,4.99,19336.05,0.35,55.99,6,0.0,0.05,8.82,264.01,16.82,9.95,192.51,42.7,113.51,114.19,-0.5954987301865248,Conservative,2.4000000000000004,64.85377382993092,34.201041249499404,0,0,0,0,0,2,0,0,0,0,0,2,2,2,0,0,0,0.23529411764705882,11.0
Power Grid Corpn,532898,POWERGRID,Power Generation And Supply,218.35,152309.01,10.4,5.38,84.16,20.71,21.36,1.85,19.27,5.56,11.48,3650.16,8.11,11150.57,8.61,51.34,7,0.0,0.77,1.59,697.55,31.7,3.17,248.35,38.81,219.23,215.02,1.9579573993116823,Conservative,10.31,87.92027380712703,17.774215708724526,1,0,0,0,0,2,1,0,2,0,0,2,0,1,0,0,0,0.2647058823529412,6.0
Punjab Natl.Bank,532461,PNB,Banks - Public Sector,45.85,50485.51,21.46,1.4,51.23,10.04,2.15,0.52,4.05,0.3,4.02,495.79,-55.25,20587.91,12.28,73.15,5,0.0,0.81,12.44,1101.1,1.22,13.33,279.98,26.3,39.96,36.73,8.793901442962168,Moderatively Aggresive,-11.420000000000002,16.376169726409028,57.36095965103599,0,0,0,0,0,1,0,1,0,0,0,1,1,2,0,0,0,0.17647058823529413,25.0
Rajesh Exports,531500,RAJESHEXPO,Diamond Cutting / Jewellery,757.25,22358.56,20.64,0.13,0.42,24.58,36.69,1.66,8.53,4.26,8.85,372.96,27.98,80270.07,94.62,54.05,6,0.0,-5.06,0.05,29.53,17.62,16.97,994.7,18.1,672.23,638.62,5.262910651091418,Moderatively Aggresive,3.9399999999999977,76.12848094902985,2.39022779795312,1,0,0,0,0,0,0,0,0,0,0,0,0,1,1,0,0,0.08823529411764706,53.0
REC Ltd,532955,RECLTD,Finance - Term-Lending Institutions,100.05,26345.41,2.57,11.47,88.57,4.73,38.97,0.5,21.31,2.47,9.11,2732.12,1.48,9955.99,-0.92,52.63,5,0.0,0.27,6.39,263.32,23.41,11.97,167.93,19.88,99.01,98.45,0.5688166582021353,Conservative,2.1600000000000006,59.57839576013815,19.87006496751624,0,0,0,0,0,2,0,0,1,0,0,2,2,2,0,0,0,0.2647058823529412,7.0
Relaxo Footwear,530517,RELAXO,Leather / Leather Products,889.95,22153.17,114.13,0.28,13.62,51.26,7.8,12.57,13.64,9.97,17.55,22.4,-67.39,669.65,-6.27,70.78,4,0.0,8.37,0.1,24.89,3.11,18.68,1448.0,1.1,969.73,1034.44,-6.255558563087278,Moderatively Aggresive,-62.87,61.460635359116026,0.12360244957581887,0,0,0,0,0,0,0,1,0,0,0,0,0,0,0,2,0,0.08823529411764706,54.0
Reliance Industr,500325,RELIANCE,Refineries,2597.65,1757407.37,27.34,0.31,15.46,3.52,98.1,2.22,8.16,4.66,9.42,15512.0,-0.18,230055.0,37.26,50.57,5,0.0,1.89,0.4,676.54,23.58,10.78,2856.15,126.8,2525.08,2497.23,1.1152356811346937,Conservative,-23.82,90.94935490082804,4.881335052836217,0,0,0,0,0,0,2,0,1,0,1,0,2,1,0,0,0,0.20588235294117646,19.0
S A I L,500113,SAIL,Steel - Large,80.65,33312.69,7.01,10.85,10.14,9.84,10.85,0.62,25.15,10.5,23.76,-329.36,-107.59,26246.34,-2.17,65.0,9,0.0,0.15,0.58,413.05,4.31,21.29,293.0,20.15,80.87,85.09,-4.959454695028791,Moderatively Conservative,2.83,27.525597269624573,24.9845009299442,1,1,0,0,2,2,0,0,0,0,0,0,2,2,0,0,0,0.29411764705882354,7.0
Samvardh. Mothe.,517334,MOTHERSON,Auto Ancillaries,72.2,48925.76,60.25,0.6,6.85,23.21,1.27,2.36,5.44,2.36,8.09,288.2,225.02,18260.78,29.73,68.15,4,1.12,-5.76,0.68,677.64,8.76,12.53,149.1,2.64,72.28,85.19,-15.15436084047423,Very Aggresive,-37.04,48.42387659289068,3.656509695290859,0,0,0,0,0,0,0,0,0,2,0,0,0,1,0,0,0,0.08823529411764706,26.0
SBI Cards,543066,SBICARD,Finance & Investments,793.2,74961.86,35.37,0.32,28.7,25.83,22.47,8.39,23.01,5.24,11.65,525.64,52.4,3297.08,27.98,69.41,3,0.0,1.04,3.16,94.51,8.82,4.78,1165.0,495.0,855.18,870.77,-1.7903694431365378,Conservative,-9.54,68.08583690987125,62.405446293494705,0,0,0,0,0,0,0,0,0,1,0,0,0,0,0,0,0,0.029411764705882353,45.0
SBI Life Insuran,540719,SBILIFE,Finance & Investments,1242.75,124363.69,74.21,0.16,1.15,65.28,16.75,10.18,13.68,0.6,15.32,376.74,52.76,27717.15,8.12,55.46,5,0.0,7.77,0.0,100.08,24.33,4.56,1340.35,485.0,1250.39,1194.85,4.6482822111562285,Moderatively Conservative,-8.929999999999993,92.71831984183237,39.02635284650975,0,0,0,0,0,0,1,0,1,1,1,0,0,0,2,0,0,0.17647058823529413,26.0
Schaeffler India,505790,SCHAEFFLER,Bearings,2960.35,46271.36,55.9,0.54,18.74,45.66,53.67,12.05,18.52,13.89,24.51,215.36,26.08,1756.43,18.07,74.13,8,0.0,2.13,0.02,15.63,5.74,5.95,3969.85,35.0,3020.06,2555.25,18.190392329517657,Very Aggresive,-10.240000000000002,74.570827613134,1.1822926343168882,0,0,1,0,1,0,0,1,0,0,0,0,0,0,1,1,0,0.14705882352941177,20.0
Shree Cement,500387,SHREECEM,Cement - North India,23148.0,83519.72,52.16,0.39,18.89,28.36,444.02,4.65,14.12,10.27,16.61,183.24,-67.44,4038.03,19.7,62.55,6,0.0,4.43,0.16,3.61,12.37,13.97,32050.0,309.1,22117.47,22633.19,-2.278600586130358,Moderatively Conservative,-23.799999999999997,72.22464898595943,1.335320546051495,0,0,0,0,0,0,0,0,0,0,0,0,0,0,0,1,0,0.029411764705882353,54.0
Shriram Trans.,511218,SRTRANSFIN,Finance & Investments,1251.25,33848.78,8.88,1.6,73.48,25.83,140.96,1.21,11.38,2.0,9.9,1069.52,38.16,5347.57,13.83,29.37,5,0.0,0.54,4.49,27.05,50.65,5.47,1696.4,49.21,1250.41,1256.21,-0.4617062433828703,Conservative,16.949999999999996,73.7591369959915,3.9328671328671327,2,0,0,0,0,1,0,0,2,0,0,2,0,1,0,0,0,0.23529411764705882,12.0
Siemens,500550,SIEMENS,Electric Equipment,2838.3,101077.61,83.38,0.28,10.63,34.7,34.04,9.51,10.97,6.44,14.94,300.7,112.06,4258.3,49.99,75.0,7,0.0,9.04,0.02,35.61,6.03,9.44,3138.5,162.1,2849.7,2617.09,8.888116190119549,Moderatively Aggresive,-48.67999999999999,90.4349211406723,5.71116513405912,0,0,0,0,0,0,1,2,0,2,1,0,0,0,1,0,0,0.20588235294117646,19.0
SKF India,500472,SKFINDIA,Bearings,4993.3,24685.86,51.06,0.29,16.45,45.66,97.8,11.76,22.9,16.02,30.59,155.95,32.57,1078.26,11.58,52.58,7,0.0,5.04,0.01,4.94,6.36,12.05,5148.9,116.2,4606.45,4054.18,13.622236802510002,Aggresive,-5.400000000000006,96.97799529996699,2.3271183385736887,0,0,1,1,0,0,0,0,0,0,2,0,0,0,1,0,0,0.14705882352941177,15.0
Solar Industries,532725,SOLARINDS,Chemicals,3951.7,35758.96,58.0,0.19,18.54,26.57,68.14,16.35,25.3,13.84,25.38,188.62,139.03,1566.6,98.89,73.15,6,0.0,3.01,0.55,9.05,6.64,5.61,4269.4,18.3,3818.58,3147.33,21.32760149078743,Very Aggresive,-31.43,92.55867334988524,0.4630918338942734,0,1,1,0,0,0,0,1,0,2,1,0,0,0,0,2,0,0.23529411764705882,8.0
Sona BLW Precis.,543300,SONACOMS,Castings & Forgings,445.65,26068.48,74.61,0.35,24.65,17.09,5.98,12.61,20.61,14.85,21.49,83.26,10.95,603.75,14.44,53.59,7,0.0,1.48,0.12,58.5,11.56,10.32,839.9,295.0,479.61,539.89,-11.165237363166566,Aggresive,-57.519999999999996,53.05988808191451,66.19544485582857,0,0,1,0,0,0,0,0,0,0,0,0,1,0,0,0,0,0.058823529411764705,25.0
SRF,503806,SRF,Chemicals,2275.25,67444.06,30.65,0.31,24.75,26.57,74.22,7.31,24.48,13.16,23.95,480.99,25.77,3727.78,31.31,50.53,7,0.0,1.03,0.42,29.64,19.21,16.23,2865.0,12.43,2481.05,2382.83,4.121989399159833,Moderatively Conservative,-4.079999999999998,79.4153577661431,0.5463135919129767,0,1,0,0,0,0,0,0,0,0,0,0,0,0,0,2,0,0.08823529411764706,45.0
St Bk of India,500112,SBIN,Banks - Public Sector,602.7,537886.35,13.06,1.18,36.04,10.04,46.14,1.76,12.18,0.73,4.44,15296.71,4.74,84462.87,15.66,57.52,8,0.0,0.08,14.85,892.46,9.95,7.1,622.9,54.15,564.93,515.83,9.51863986197001,Moderatively Aggresive,-3.0200000000000014,96.75710386899985,8.984569437531109,0,0,0,0,1,0,2,0,0,0,2,1,1,1,0,0,0,0.23529411764705882,14.0
Star Health Insu,543412,STARHEALTH,Finance & Investments,602.25,34863.04,,0.0,-4.2,65.28,-6.16,5.32,-25.86,-8.66,-30.97,93.1,154.61,3001.73,11.08,58.63,5,0.0,,0.08,57.89,10.31,29.58,940.0,469.05,698.61,717.26,-2.6001728801271473,Moderatively Conservative,,64.06914893617022,77.8829389788294,0,0,0,0,0,0,0,0,0,2,0,0,0,0,0,0,0,0.058823529411764705,51.0
Sumitomo Chemi.,542920,SUMICHEM,Pesticides / Agrochemicals - Indian,454.3,22676.19,44.22,0.22,20.17,24.67,10.27,10.23,25.11,15.3,33.69,201.95,30.21,1121.67,23.27,75.0,7,0.0,0.93,0.01,49.91,2.05,16.54,540.8,151.05,487.18,455.8,6.884598508117594,Moderatively Aggresive,-19.549999999999997,84.0051775147929,33.24895443539512,0,1,1,1,0,0,0,2,0,0,0,0,0,0,1,0,0,0.17647058823529413,26.0
Sun Pharma.Inds.,524715,SUNPHARMA,Pharmaceuticals - Indian - Bulk Drugs & Formln,1009.6,242236.86,30.52,0.99,26.3,27.4,17.11,4.56,13.97,9.95,18.35,2255.9,10.2,10952.28,13.78,54.48,8,4.04,-30.83,0.08,239.93,16.0,9.8,1200.8,36.84,972.24,895.99,8.510139622093996,Moderatively Aggresive,-3.120000000000001,84.07728181212526,3.6489698890649764,0,0,0,0,1,0,1,0,0,0,0,0,0,0,0,0,0,0.058823529411764705,65.0
Sundaram Finance,590071,SUNDARMFIN,Finance & Investments,2230.25,24778.08,20.99,0.9,74.71,25.83,106.27,2.68,14.11,2.72,8.15,331.57,18.18,1336.82,3.37,38.49,6,0.0,1.85,4.04,11.11,,,2883.95,60.02,2251.77,2132.66,5.585044029521824,Moderatively Aggresive,4.84,77.33317151823022,2.69117811904495,1,0,0,0,0,0,0,0,0,0,0,2,0,0,0,0,0,0.08823529411764706,55.0
Supreme Inds.,509930,SUPREMEIND,Plastics Products,2289.4,29081.53,33.6,1.05,12.8,29.51,68.13,7.44,27.43,20.73,34.62,82.02,-64.14,2086.6,8.2,48.85,6,0.0,1.91,0.01,12.7,16.32,15.68,2693.9,18.44,2149.68,2030.75,5.856456974024367,Moderatively Aggresive,-4.09,84.98459482534615,0.8054512099239975,0,1,2,1,0,0,0,0,0,0,0,0,0,0,1,1,0,0.17647058823529413,27.0
Syngene Intl.,539268,SYNGENE,Pharmaceuticals - Indian - Bulk Drugs & Formln,601.05,24128.22,56.76,0.08,29.87,27.4,10.6,7.39,13.6,7.96,13.26,101.5,11.01,768.1,26.02,64.86,4,0.0,7.36,0.31,40.14,16.79,11.11,700.0,147.5,592.67,581.94,1.843832697528938,Conservative,-29.36,85.8642857142857,24.540387654937195,0,0,0,0,0,0,0,0,0,0,0,0,0,0,0,0,0,0.0,48.0
Tata Chemicals,500770,TATACHEM,Chemicals,1015.75,25877.25,13.11,1.23,20.95,26.57,77.13,1.35,7.58,4.43,8.4,680.0,193.6,4239.0,40.24,37.98,9,0.0,2.97,0.33,25.48,14.92,27.64,1214.9,42.43,1098.86,1002.33,9.630560793351476,Moderatively Aggresive,13.46,83.60770433780557,4.177208958897367,2,0,0,0,2,0,0,0,0,2,0,0,0,1,0,0,0,0.20588235294117646,20.0
Tata Comm,500483,TATACOMM,Telecommunications - Service Provider,1292.55,36837.68,20.75,1.6,25.22,41.19,64.43,40.6,282.45,7.21,21.79,534.26,12.76,4430.74,6.15,58.86,8,4.96,-3.08,9.74,28.5,17.02,10.22,1591.95,85.48,1228.85,1168.42,5.171941596343766,Moderatively Aggresive,20.439999999999998,81.19287666069914,6.613283818807783,2,2,0,0,1,1,0,0,0,0,0,0,0,0,0,0,0,0.17647058823529413,28.0
Tata Consumer,500800,TATACONSUM,Tea,775.7,72063.43,69.64,0.78,13.75,15.17,11.57,4.8,6.51,5.07,9.61,389.43,-7.37,3363.05,10.88,34.73,9,1.2,3.44,0.09,92.9,25.59,24.78,889.0,43.0,777.68,769.46,1.0682816520676726,Conservative,-54.47,87.25534308211475,5.543380172747195,0,0,0,0,2,0,0,0,1,0,0,0,1,0,0,0,0,0.11764705882352941,29.0
Tata Elxsi,500408,TATAELXSI,Computers - Software - Medium / Small,6894.6,42937.11,64.09,0.62,31.96,32.98,107.58,25.38,37.18,28.26,47.72,174.28,39.06,763.17,28.19,43.92,5,0.0,2.48,0.11,6.23,15.37,36.8,10760.4,37.5,7697.88,7695.03,0.037036892643698124,Conservative,-31.110000000000007,64.0738262518122,0.5439039248107214,0,2,2,2,0,0,0,0,0,0,0,0,0,0,0,2,0,0.23529411764705882,13.0
Tata Motors,500570,TATAMOTORS,Automobiles - LCVs / HCVs,423.8,151934.72,,0.0,7.72,107.78,-25.6,5.38,-22.33,-3.32,1.4,-898.35,76.03,79611.37,29.7,46.39,3,1.82,,5.52,332.13,14.13,24.58,605.9,24.14,422.35,426.02,-0.8614619031970234,Conservative,,69.94553556692524,5.6960830580462485,0,0,0,0,0,0,1,0,0,1,0,0,0,0,0,0,0,0.058823529411764705,38.0
Tata Power Co.,500400,TATAPOWER,Power Generation And Supply,220.45,70441.26,27.7,0.79,12.31,20.71,7.96,2.74,8.42,2.14,9.3,935.18,94.32,14030.72,43.02,46.86,7,1.4,3.15,2.07,319.53,10.28,28.32,298.05,27.0,225.66,220.99,2.1132177926602957,Moderatively Conservative,-6.989999999999998,73.96409998322429,12.24767520979814,0,0,0,0,0,0,0,0,0,1,0,0,0,0,0,0,0,0.029411764705882353,55.0
Tata Steel,500470,TATASTEEL,Steel - Large,105.5,128847.75,4.49,4.83,20.5,9.84,23.42,1.2,42.6,15.81,31.55,1297.06,-88.66,59877.52,-0.84,33.93,8,1.55,0.06,0.81,1221.31,21.52,26.23,153.47,13.1,103.62,106.98,-3.140773976444194,Moderatively Conservative,5.35,68.74307682283182,12.417061611374407,1,2,1,1,1,2,1,0,1,0,0,0,2,1,0,0,0,0.38235294117647056,1.0
TCS,532540,TCS,Computers - Software - Large,3343.45,1223385.53,30.89,1.29,26.6,26.39,107.95,12.55,43.64,28.37,54.87,10465.0,8.39,55309.0,18.01,72.3,7,0.48,3.95,0.08,365.91,13.05,6.06,4045.5,103.84,3199.74,3297.88,-2.9758511528618485,Moderatively Conservative,-4.5,82.64615004325793,3.1057739759828924,0,2,2,2,0,0,2,1,0,0,0,0,0,0,0,0,0,0.2647058823529412,12.0
Tech Mahindra,532755,TECHM,Computers - Software - Large,1060.85,103264.57,19.52,1.41,16.14,26.39,54.44,3.85,21.5,13.39,26.57,1299.2,-3.98,13129.5,20.66,35.22,6,0.0,1.33,0.11,97.34,28.2,12.81,1838.0,50.93,1052.0,1145.94,-8.197636874530957,Moderatively Aggresive,6.870000000000001,57.7176278563656,4.800867229108734,1,0,1,1,0,1,1,0,1,0,0,0,0,0,0,0,0,0.17647058823529413,29.0
Thermax,500411,THERMAX,Engineering,2131.3,25395.78,72.56,0.42,6.61,22.36,29.38,7.17,9.09,4.39,11.5,109.14,24.14,2075.26,41.24,61.98,7,0.0,11.91,0.13,11.92,12.35,4.84,2679.0,113.32,2217.31,2071.37,7.045578530151546,Moderatively Aggresive,-50.2,79.5558044046286,5.316942711021441,0,0,0,0,0,0,0,0,0,0,0,0,0,0,0,0,0,0.0,68.0
Timken India,522113,TIMKEN,Bearings,3479.4,26171.61,64.34,0.04,23.23,19.63,54.08,14.06,21.81,16.03,28.74,97.6,23.23,695.4,24.65,67.8,8,0.0,2.34,0.01,7.52,3.9,16.16,3668.0,49.6,2990.19,2595.3,15.215582013640036,Very Aggresive,-44.71000000000001,94.85823336968376,1.4255331378973386,0,0,1,1,1,0,0,0,0,0,2,0,1,0,1,1,0,0.23529411764705882,9.0
Titan Company,500114,TITAN,Diamond Cutting / Jewellery,2565.8,227788.17,71.94,0.29,12.84,24.58,35.26,22.28,26.36,11.9,21.4,835.0,30.05,9163.0,22.29,52.9,6,0.0,3.07,0.75,88.78,17.04,18.17,2791.0,10.91,2624.56,2426.59,8.158362146056804,Moderatively Aggresive,-47.36,91.93120745252598,0.4252085119650791,0,1,0,0,0,0,1,0,0,0,1,0,0,0,0,2,0,0.14705882352941177,40.0
Torrent Pharma.,500420,TORNTPHARM,Pharmaceuticals - Indian - Bulk Drugs & Formln,1621.75,54887.39,45.74,0.25,28.03,27.4,23.55,9.01,18.26,7.98,18.86,312.0,-1.27,2291.0,7.21,71.25,7,0.0,11.1,0.67,33.84,11.37,7.87,1750.0,26.32,1594.59,1504.54,5.985218073298148,Moderatively Aggresive,-18.340000000000003,92.67142857142858,1.6229381840604284,0,0,0,0,0,0,0,1,0,0,1,0,0,0,0,1,0,0.08823529411764706,56.0
Torrent Power,532779,TORNTPOWER,Power Generation And Supply,512.1,24612.39,12.15,1.76,20.02,20.71,17.97,2.25,8.64,3.62,13.1,484.19,31.11,6703.15,83.77,53.57,5,0.0,0.7,0.96,48.06,6.77,16.99,610.0,45.0,510.97,506.85,0.8128637664003167,Conservative,8.56,83.95081967213115,8.787346221441124,1,0,0,0,0,1,0,0,0,0,0,0,0,1,0,0,0,0.08823529411764706,33.0
Trent,500251,TRENT,Trading,1383.05,49165.69,165.4,0.12,14.35,82.47,10.22,20.63,1.6,0.56,9.29,78.94,-1.31,1952.74,65.75,37.01,8,0.0,-11.52,1.9,35.55,25.92,21.9,1571.0,23.67,1422.66,1267.5,12.241420118343202,Aggresive,-82.93,88.0362826225334,1.7114348722027404,0,0,0,0,1,0,0,0,1,0,1,0,0,0,0,1,0,0.11764705882352941,21.0
Tube Investments,540762,TIINDIA,Cycles And Accessories,2575.15,49704.24,57.75,0.14,11.89,57.75,44.73,14.43,28.09,11.13,29.37,276.93,18.43,3788.69,16.12,46.44,7,0.11,1.55,0.26,19.3,26.3,12.74,2969.85,211.0,2595.54,2117.14,22.596521722701386,Very Aggresive,0.0,86.7097664865229,8.193697454517213,0,1,0,1,0,0,0,0,1,0,0,0,0,0,0,0,0,0.08823529411764706,27.0
TVS Motor Co.,532343,TVSMOTOR,Automobiles - Motorcycles / Mopeds,1081.85,51398.69,43.42,0.35,12.26,34.74,25.61,10.14,18.37,3.1,11.29,373.4,58.9,8560.76,32.04,50.81,3,0.0,5.34,3.68,47.51,12.64,8.96,1177.0,7.45,1073.59,884.14,21.427601963489938,Very Aggresive,-8.68,91.91588785046729,0.688635208208162,0,0,0,0,0,0,0,0,0,1,1,0,0,0,0,1,0,0.08823529411764706,28.0
UltraTech Cem.,532538,ULTRACEMCO,Cement - North India,6814.45,196717.82,29.54,0.56,18.08,28.36,230.99,3.82,15.17,8.45,14.29,758.7,-42.33,13892.69,15.61,59.96,7,0.0,1.35,0.25,28.87,14.06,8.5,8269.0,245.25,6566.39,6489.22,1.189203016695382,Conservative,-1.1799999999999997,82.40960212843149,3.59896983615699,0,0,0,0,0,0,1,0,0,0,0,0,0,0,0,0,0,0.029411764705882353,46.0
Union Bank (I),532477,UNIONBANK,Banks - Public Sector,73.9,50508.78,8.32,2.57,54.35,10.04,8.88,0.71,7.78,0.46,4.43,1853.12,22.67,19778.18,17.37,83.49,7,0.0,0.15,15.34,683.47,1.43,8.02,426.95,22.6,52.31,43.93,19.075802412929665,Very Aggresive,1.7199999999999989,17.30881836280595,30.58186738836265,0,0,0,0,0,1,0,2,0,0,0,1,1,2,0,0,0,0.20588235294117646,13.0
United Breweries,532478,UBL,Breweries & Distilleries,1662.4,43953.86,79.87,0.63,12.43,27.51,20.81,11.12,9.72,6.2,13.07,134.12,66.85,1682.31,17.89,72.71,9,14.97,8.2,0.0,26.44,6.93,5.32,1793.65,32.85,1661.91,1593.27,4.308121034099688,Moderatively Conservative,-52.36,92.68251888607031,1.9760587102983638,0,0,0,0,2,0,0,1,0,1,1,0,0,0,2,1,0,0.23529411764705882,19.0
United Spirits,532432,MCDOWELL-N,Breweries & Distilleries,874.05,63511.86,56.74,0.0,16.27,27.51,17.9,11.0,19.77,10.6,24.22,547.7,-7.37,2911.0,16.09,56.73,9,1.19,2.19,0.1,72.66,16.07,15.58,1019.95,48.6,857.28,828.68,3.45127190230246,Moderatively Conservative,-29.23,85.69537722437374,5.560322636004806,0,0,0,0,2,0,0,0,0,0,0,0,0,0,0,0,0,0.058823529411764705,52.0
Uno Minda,532539,UNOMINDA,Auto Ancillaries,554.1,31732.35,57.22,0.23,10.92,23.21,9.7,8.58,12.12,6.27,13.81,182.35,79.6,2876.84,36.09,70.11,6,0.0,3.57,0.29,57.27,9.07,6.88,630.01,2.42,546.72,506.24,7.996207332490522,Moderatively Aggresive,-34.01,87.95098490500152,0.4367442699873669,0,0,0,0,0,0,0,1,0,1,0,0,0,0,0,2,0,0.11764705882352941,46.0
UPL,512070,UPL,Pesticides / Agrochemicals - Indian,765.95,57492.79,13.63,1.31,20.57,24.67,52.83,2.3,16.72,6.24,15.58,969.0,27.07,12507.0,18.36,28.96,7,0.0,0.83,1.34,75.06,35.57,18.28,864.75,43.34,726.22,729.38,-0.43324467355836027,Conservative,11.040000000000001,88.57473258167101,5.658332789346563,2,0,0,0,0,0,0,0,2,0,1,0,0,1,0,0,0,0.17647058823529413,22.0
Varun Beverages,540180,VBL,Food - Processing - Indian,1143.9,74301.98,51.63,0.22,21.18,52.01,22.16,15.43,18.58,8.42,17.36,395.49,58.67,3176.62,32.46,63.89,9,0.04,0.72,0.49,64.95,25.01,6.62,1233.0,100.74,1071.17,884.22,21.14292823053087,Very Aggresive,0.37999999999999545,92.77372262773723,8.806713873590349,0,0,0,0,2,0,0,0,1,1,2,0,0,0,0,0,0,0.17647058823529413,18.0
Vedant Fashions,543463,MANYAVAR,Trading,1317.45,31981.73,83.86,0.38,49.05,82.47,15.71,28.18,27.81,18.01,32.79,68.96,32.06,241.96,24.31,84.91,6,0.0,3.56,0.22,24.28,3.35,2.0,1501.55,790.2,1369.71,1183.73,15.711353095722844,Very Aggresive,-1.3900000000000006,87.73933601944658,59.97950586360014,0,1,1,1,0,0,0,2,0,0,0,1,0,0,0,0,0,0.17647058823529413,19.0
Vedanta,500295,VEDL,Mining / Minerals / Metals,310.4,115381.78,7.12,16.43,28.38,9.85,43.56,2.13,30.03,12.8,32.15,2687.0,-64.99,36654.0,20.57,69.68,9,99.99,0.25,1.09,371.72,8.09,11.57,494.3,28.23,289.88,293.91,-1.3711680446395254,Conservative,2.7299999999999995,62.79587295164879,9.094716494845361,0,1,0,1,2,2,1,0,0,0,0,0,2,1,0,0,0,0.29411764705882354,5.0
Vinati Organics,524200,VINATIORGA,Chemicals,2096.3,21546.2,53.65,0.31,26.5,26.57,39.07,10.89,20.56,18.14,26.59,116.01,42.59,566.29,51.37,74.06,7,0.66,2.7,0.0,10.28,4.76,13.19,2377.0,1.2,2057.7,2030.39,1.3450617861592953,Conservative,-27.08,88.1909970551115,0.0572437151171111,0,0,1,1,0,0,0,1,0,0,1,0,0,0,2,2,0,0.23529411764705882,14.0
Vodafone Idea,532822,IDEA,Telecommunications - Service Provider,8.35,26819.24,,0.0,41.22,41.19,-9.2,,,-14.34,,-7595.5,-6.29,10614.6,12.84,74.99,5,0.0,,,3211.88,3.53,20.8,123.24,2.4,8.69,9.27,-6.256742179072278,Moderatively Aggresive,,6.775397598182408,28.74251497005988,0,0,0,0,0,0,0,1,0,0,0,1,0,0,0,0,0,0.058823529411764705,66.0
Voltas,500575,VOLTAS,Air-conditioners,809.95,26800.01,151.98,0.68,6.38,15.82,11.49,4.79,9.62,5.51,13.02,-6.04,-303.86,1768.36,4.69,30.3,6,0.0,-310.16,0.07,33.09,24.37,15.69,1356.9,21.5,884.94,997.09,-11.247730896910005,Aggresive,-136.16,59.69120790036112,2.6544848447435028,0,0,0,0,0,0,0,0,1,0,0,0,1,0,0,0,0,0.058823529411764705,26.0
Wipro,507685,WIPRO,Computers - Software - Large,393.85,216069.01,19.18,1.52,18.9,26.39,20.57,3.03,20.33,12.9,21.13,2649.1,-9.61,22539.7,14.6,72.95,2,0.0,2.54,0.27,548.61,6.58,12.29,739.85,40.71,398.15,455.99,-12.684488694927525,Aggresive,7.210000000000001,53.23376360072988,10.336422495874062,1,0,0,0,0,1,1,1,0,0,0,0,0,0,0,0,0,0.11764705882352941,22.0
Yes Bank,532648,YESBANK,Banks - Private Sector,16.85,42219.52,38.47,0.0,54.73,16.04,0.44,1.25,3.21,0.36,4.96,152.82,-32.23,5474.38,17.67,0.0,6,0.0,-1.9,7.98,2505.61,12.15,43.94,404.0,5.55,16.17,14.97,8.016032064128263,Moderatively Aggresive,-22.43,4.170792079207921,32.937685459940646,0,0,0,0,0,0,0,0,0,0,0,1,1,1,0,0,0,0.08823529411764706,57.0
Zee Entertainmen,505537,ZEEL,Entertainment / Electronic Media Software,250.85,24094.63,29.77,1.2,18.4,35.95,7.29,2.22,10.0,8.04,14.86,112.89,-49.14,2028.4,2.51,3.98,7,5.38,-7.19,0.03,96.05,38.65,25.93,619.35,44.0,261.26,256.88,1.705076300217999,Conservative,6.180000000000003,40.502139339630254,17.54036276659358,1,0,0,0,0,0,0,0,2,0,0,0,0,1,1,0,0,0.14705882352941177,26.0
Zomato Ltd,543320,ZOMATO,Miscellaneous,67.15,57424.96,,0.0,-29.29,60.77,-0.66,2.83,-10.7,-10.17,-10.62,11.8,103.27,1177.9,31.3,0.0,4,0.0,,0.01,855.17,57.87,33.24,169.1,40.55,64.03,73.91,-13.367609254498708,Aggresive,,39.710230632761686,60.38719285182427,0,0,0,0,0,0,0,0,2,2,0,0,0,0,1,0,0,0.14705882352941177,16.0
Zydus Lifesci.,532321,ZYDUSLIFE,Pharmaceuticals - Indian - Bulk Drugs & Formln,401.5,40640.0,20.71,0.62,19.84,27.4,18.99,2.44,14.73,8.84,14.7,526.1,-19.08,4134.7,9.97,74.98,6,0.0,2.52,0.15,101.22,2.61,9.47,673.7,25.51,408.7,399.09,2.4079781502919175,Moderatively Conservative,6.689999999999998,59.59625946266884,6.353673723536738,1,0,0,0,0,0,0,1,0,0,0,0,0,1,0,0,0,0.08823529411764706,46.0
